category,day_of_week,bin_of_day,category,day_of_week,bin_of_day,count,mean,stdev,sem,cv,var,skew,kurt,p50,p55,p60,p65,p70,p75,p80,p85,p90,p95,p975,p99
ART,0,0,,,,13.000000,0.000000,0.000000,0.000000,0.000000,0.000000,0.000000,0.000000,0.000000,0.000000,0.000000,0.000000,0.000000,0.000000,0.000000,0.000000,0.000000,0.000000,0.000000,0.000000
ART,0,1,,,,13.000000,0.000000,0.000000,0.000000,0.000000,0.000000,0.000000,0.000000,0.000000,0.000000,0.000000,0.000000,0.000000,0.000000,0.000000,0.000000,0.000000,0.000000,0.000000,0.000000
ART,0,2,,,,13.000000,0.142949,0.236996,0.065731,1.657911,0.056167,2.192321,5.290431,0.000000,0.045000,0.078333,0.088333,0.155000,0.250000,0.275000,0.300000,0.325000,0.526667,0.671667,0.758667
ART,0,3,,,,13.000000,5.466667,1.993229,0.552822,0.364615,3.972963,-1.632165,4.568469,5.416667,5.686667,5.911667,6.046667,6.155000,6.250000,6.840000,7.306667,7.526667,7.793333,7.938333,8.025333
ART,0,4,,,,13.000000,5.048718,2.162415,0.599746,0.428310,4.676040,-0.910094,1.344653,4.950000,4.995000,5.248333,5.918333,6.265000,6.450000,6.840000,7.125000,7.200000,7.611667,7.901667,8.075667
ART,0,5,,,,13.000000,4.483974,1.634072,0.453210,0.364425,2.670191,-1.730849,4.436635,4.675000,4.820000,4.953333,5.063333,5.143333,5.208333,5.693333,6.035000,6.090000,6.221667,6.306667,6.357667
ART,0,6,,,,13.000000,3.713462,1.816866,0.503908,0.489265,3.301002,-0.543363,0.242462,3.825000,3.910000,3.966667,3.966667,4.193333,4.533333,5.123333,5.653333,6.063333,6.226667,6.246667,6.258667
ART,0,7,,,,13.000000,1.352564,0.905873,0.251244,0.669745,0.820606,0.397666,0.398504,1.375000,1.475000,1.550000,1.575000,1.620000,1.675000,1.880000,2.105000,2.370000,2.768333,3.000833,3.140333
ART,0,8,,,,13.000000,0.189103,0.256069,0.071021,1.354130,0.065572,0.938880,-0.915007,0.000000,0.050000,0.116667,0.216667,0.283333,0.333333,0.483333,0.583333,0.583333,0.600000,0.612500,0.620000
ART,0,9,,,,13.000000,0.000000,0.000000,0.000000,0.000000,0.000000,0.000000,0.000000,0.000000,0.000000,0.000000,0.000000,0.000000,0.000000,0.000000,0.000000,0.000000,0.000000,0.000000,0.000000
ART,0,10,,,,13.000000,0.000000,0.000000,0.000000,0.000000,0.000000,0.000000,0.000000,0.000000,0.000000,0.000000,0.000000,0.000000,0.000000,0.000000,0.000000,0.000000,0.000000,0.000000,0.000000
ART,0,11,,,,13.000000,0.000000,0.000000,0.000000,0.000000,0.000000,0.000000,0.000000,0.000000,0.000000,0.000000,0.000000,0.000000,0.000000,0.000000,0.000000,0.000000,0.000000,0.000000,0.000000
ART,1,0,,,,13.000000,0.000000,0.000000,0.000000,0.000000,0.000000,0.000000,0.000000,0.000000,0.000000,0.000000,0.000000,0.000000,0.000000,0.000000,0.000000,0.000000,0.000000,0.000000,0.000000
ART,1,1,,,,13.000000,0.000000,0.000000,0.000000,0.000000,0.000000,0.000000,0.000000,0.000000,0.000000,0.000000,0.000000,0.000000,0.000000,0.000000,0.000000,0.000000,0.000000,0.000000,0.000000
ART,1,2,,,,13.000000,0.000000,0.000000,0.000000,0.000000,0.000000,0.000000,0.000000,0.000000,0.000000,0.000000,0.000000,0.000000,0.000000,0.000000,0.000000,0.000000,0.000000,0.000000,0.000000
ART,1,3,,,,13.000000,2.500000,0.666371,0.184818,0.266549,0.444051,0.553175,-0.589985,2.450000,2.460000,2.470000,2.480000,2.650000,2.900000,3.120000,3.311667,3.446667,3.578333,3.643333,3.682333
ART,1,4,,,,13.000000,6.554487,2.016106,0.559167,0.307592,4.064683,0.912986,1.510080,6.416667,6.651667,6.898333,7.168333,7.345000,7.475000,7.645000,7.871667,8.211667,9.541667,10.454167,11.001667
ART,1,5,,,,13.000000,5.219231,0.934513,0.259187,0.179052,0.873315,-0.401860,0.071838,5.500000,5.510000,5.526667,5.556667,5.580000,5.600000,5.755000,5.946667,6.211667,6.500000,6.650000,6.740000
ART,1,6,,,,13.000000,4.448077,1.124399,0.311852,0.252783,1.264273,0.496972,-1.404544,4.016667,4.051667,4.193333,4.548333,5.103333,5.758333,5.873333,5.968333,6.023333,6.048333,6.053333,6.056333
ART,1,7,,,,13.000000,1.653846,0.884018,0.245183,0.534523,0.781489,0.281722,-0.250082,1.916667,1.916667,1.933333,1.983333,2.000000,2.000000,2.215000,2.395000,2.505000,2.898333,3.165833,3.326333
ART,1,8,,,,13.000000,0.184615,0.440392,0.122143,2.385456,0.193945,3.015572,9.519438,0.000000,0.000000,0.008333,0.033333,0.041667,0.041667,0.166667,0.300000,0.450000,0.926667,1.246667,1.438667
ART,1,9,,,,13.000000,0.003205,0.011556,0.003205,3.605551,0.000134,3.605551,13.000000,0.000000,0.000000,0.000000,0.000000,0.000000,0.000000,0.000000,0.000000,0.000000,0.016667,0.029167,0.036667
ART,1,10,,,,13.000000,0.000000,0.000000,0.000000,0.000000,0.000000,0.000000,0.000000,0.000000,0.000000,0.000000,0.000000,0.000000,0.000000,0.000000,0.000000,0.000000,0.000000,0.000000,0.000000
ART,1,11,,,,13.000000,0.000000,0.000000,0.000000,0.000000,0.000000,0.000000,0.000000,0.000000,0.000000,0.000000,0.000000,0.000000,0.000000,0.000000,0.000000,0.000000,0.000000,0.000000,0.000000
ART,2,0,,,,13.000000,0.000000,0.000000,0.000000,0.000000,0.000000,0.000000,0.000000,0.000000,0.000000,0.000000,0.000000,0.000000,0.000000,0.000000,0.000000,0.000000,0.000000,0.000000,0.000000
ART,2,1,,,,13.000000,0.000000,0.000000,0.000000,0.000000,0.000000,0.000000,0.000000,0.000000,0.000000,0.000000,0.000000,0.000000,0.000000,0.000000,0.000000,0.000000,0.000000,0.000000,0.000000
ART,2,2,,,,13.000000,0.195513,0.224475,0.062258,1.148135,0.050389,1.194253,0.420427,0.116667,0.161667,0.195000,0.205000,0.215000,0.225000,0.330000,0.436667,0.546667,0.616667,0.641667,0.656667
ART,2,3,,,,13.000000,5.669872,1.305165,0.361988,0.230193,1.703455,0.347837,-0.862175,5.525000,5.555000,5.661667,5.921667,6.348333,6.858333,6.963333,7.105000,7.320000,7.618333,7.788333,7.890333
ART,2,4,,,,13.000000,5.305128,1.472053,0.408274,0.277477,2.166939,0.364595,-1.024579,5.000000,5.000000,5.195000,5.780000,6.171667,6.466667,6.751667,7.015000,7.235000,7.515000,7.670000,7.763000
ART,2,5,,,,13.000000,4.964103,0.871118,0.241605,0.175484,0.758847,0.609013,-0.512295,4.833333,4.883333,4.918333,4.923333,5.265000,5.775000,5.855000,5.923333,5.968333,6.260000,6.467500,6.592000
ART,2,6,,,,13.000000,3.760256,0.941539,0.261136,0.250392,0.886495,0.525342,-0.113642,3.966667,3.986667,4.005000,4.020000,4.115000,4.250000,4.385000,4.560000,4.815000,5.220000,5.460000,5.604000
ART,2,7,,,,13.000000,1.116026,0.761832,0.211294,0.682629,0.580387,0.283450,-0.912710,1.125000,1.175000,1.216667,1.241667,1.383333,1.583333,1.853333,2.040000,2.060000,2.220000,2.335000,2.404000
ART,2,8,,,,13.000000,0.028846,0.104006,0.028846,3.605551,0.010817,3.605551,13.000000,0.000000,0.000000,0.000000,0.000000,0.000000,0.000000,0.000000,0.000000,0.000000,0.150000,0.262500,0.330000
ART,2,9,,,,13.000000,0.000000,0.000000,0.000000,0.000000,0.000000,0.000000,0.000000,0.000000,0.000000,0.000000,0.000000,0.000000,0.000000,0.000000,0.000000,0.000000,0.000000,0.000000,0.000000
ART,2,10,,,,13.000000,0.000000,0.000000,0.000000,0.000000,0.000000,0.000000,0.000000,0.000000,0.000000,0.000000,0.000000,0.000000,0.000000,0.000000,0.000000,0.000000,0.000000,0.000000,0.000000
ART,2,11,,,,13.000000,0.000000,0.000000,0.000000,0.000000,0.000000,0.000000,0.000000,0.000000,0.000000,0.000000,0.000000,0.000000,0.000000,0.000000,0.000000,0.000000,0.000000,0.000000,0.000000
ART,3,0,,,,13.000000,0.000000,0.000000,0.000000,0.000000,0.000000,0.000000,0.000000,0.000000,0.000000,0.000000,0.000000,0.000000,0.000000,0.000000,0.000000,0.000000,0.000000,0.000000,0.000000
ART,3,1,,,,13.000000,0.000000,0.000000,0.000000,0.000000,0.000000,0.000000,0.000000,0.000000,0.000000,0.000000,0.000000,0.000000,0.000000,0.000000,0.000000,0.000000,0.000000,0.000000,0.000000
ART,3,2,,,,13.000000,0.125000,0.144137,0.039976,1.153096,0.020775,0.798573,-0.954620,0.083333,0.093333,0.113333,0.153333,0.183333,0.208333,0.268333,0.320000,0.355000,0.366667,0.366667,0.366667
ART,3,3,,,,13.000000,5.553846,1.054628,0.292501,0.189892,1.112241,-0.028619,0.013407,5.600000,5.615000,5.641667,5.691667,5.761667,5.841667,6.466667,6.920000,7.030000,7.120000,7.160000,7.184000
ART,3,4,,,,13.000000,5.937179,1.297262,0.359796,0.218498,1.682889,0.913396,0.616261,5.675000,5.910000,6.085000,6.140000,6.315000,6.550000,6.640000,6.915000,7.560000,8.185000,8.492500,8.677000
ART,3,5,,,,13.000000,4.991667,1.097419,0.304369,0.219850,1.204329,0.524415,-0.632858,4.650000,4.690000,4.921667,5.536667,5.748333,5.758333,5.963333,6.123333,6.193333,6.586667,6.864167,7.030667
ART,3,6,,,,13.000000,3.918590,0.861511,0.238940,0.219852,0.742201,0.117835,-1.052120,3.825000,3.920000,4.050000,4.250000,4.453333,4.658333,4.753333,4.870000,5.030000,5.160000,5.217500,5.252000
ART,3,7,,,,13.000000,1.517949,0.827996,0.229645,0.545470,0.685577,-0.442916,-0.352703,1.541667,1.556667,1.601667,1.706667,1.845000,2.000000,2.270000,2.475000,2.550000,2.608333,2.633333,2.648333
ART,3,8,,,,13.000000,0.360256,0.595286,0.165103,1.652395,0.354365,2.251855,5.582511,0.083333,0.108333,0.150000,0.225000,0.383333,0.583333,0.683333,0.765000,0.810000,1.321667,1.694167,1.917667
ART,3,9,,,,13.000000,0.009615,0.034669,0.009615,3.605551,0.001202,3.605551,13.000000,0.000000,0.000000,0.000000,0.000000,0.000000,0.000000,0.000000,0.000000,0.000000,0.050000,0.087500,0.110000
ART,3,10,,,,13.000000,0.000000,0.000000,0.000000,0.000000,0.000000,0.000000,0.000000,0.000000,0.000000,0.000000,0.000000,0.000000,0.000000,0.000000,0.000000,0.000000,0.000000,0.000000,0.000000
ART,3,11,,,,13.000000,0.000000,0.000000,0.000000,0.000000,0.000000,0.000000,0.000000,0.000000,0.000000,0.000000,0.000000,0.000000,0.000000,0.000000,0.000000,0.000000,0.000000,0.000000,0.000000
ART,4,0,,,,13.000000,0.000000,0.000000,0.000000,0.000000,0.000000,0.000000,0.000000,0.000000,0.000000,0.000000,0.000000,0.000000,0.000000,0.000000,0.000000,0.000000,0.000000,0.000000,0.000000
ART,4,1,,,,13.000000,0.000000,0.000000,0.000000,0.000000,0.000000,0.000000,0.000000,0.000000,0.000000,0.000000,0.000000,0.000000,0.000000,0.000000,0.000000,0.000000,0.000000,0.000000,0.000000
ART,4,2,,,,13.000000,0.083974,0.128716,0.035699,1.532803,0.016568,1.861871,3.825480,0.000000,0.015000,0.045000,0.105000,0.138333,0.158333,0.163333,0.170000,0.180000,0.283333,0.358333,0.403333
ART,4,3,,,,13.000000,6.037179,1.188382,0.329598,0.196844,1.412252,-0.014364,-0.846224,6.075000,6.185000,6.301667,6.431667,6.631667,6.866667,7.011667,7.218333,7.548333,7.778333,7.868333,7.922333
ART,4,4,,,,13.000000,6.177564,1.238514,0.343502,0.200486,1.533916,-0.324996,-0.232271,6.291667,6.336667,6.368333,6.373333,6.541667,6.791667,7.256667,7.636667,7.846667,7.916667,7.916667,7.916667
ART,4,5,,,,13.000000,6.023077,1.363692,0.378220,0.226411,1.859655,-0.248124,-0.388007,6.191667,6.326667,6.455000,6.570000,6.655000,6.725000,7.095000,7.410000,7.615000,7.900000,8.062500,8.160000
ART,4,6,,,,13.000000,5.117949,1.042987,0.289273,0.203790,1.087822,0.503867,-0.702757,4.725000,4.975000,5.195000,5.355000,5.565000,5.800000,6.105000,6.346667,6.461667,6.723333,6.890833,6.991333
ART,4,7,,,,13.000000,2.215385,1.098894,0.304778,0.496028,1.207568,0.571186,0.389282,2.158333,2.193333,2.256667,2.376667,2.653333,3.008333,3.023333,3.101667,3.306667,3.858333,4.220833,4.438333
ART,4,8,,,,13.000000,0.510256,0.527103,0.146192,1.033016,0.277837,0.682176,-0.608328,0.408333,0.498333,0.581667,0.651667,0.711667,0.766667,0.946667,1.101667,1.206667,1.361667,1.451667,1.505667
ART,4,9,,,,13.000000,0.000000,0.000000,0.000000,0.000000,0.000000,0.000000,0.000000,0.000000,0.000000,0.000000,0.000000,0.000000,0.000000,0.000000,0.000000,0.000000,0.000000,0.000000,0.000000
ART,4,10,,,,13.000000,0.000000,0.000000,0.000000,0.000000,0.000000,0.000000,0.000000,0.000000,0.000000,0.000000,0.000000,0.000000,0.000000,0.000000,0.000000,0.000000,0.000000,0.000000,0.000000
ART,4,11,,,,13.000000,0.000000,0.000000,0.000000,0.000000,0.000000,0.000000,0.000000,0.000000,0.000000,0.000000,0.000000,0.000000,0.000000,0.000000,0.000000,0.000000,0.000000,0.000000,0.000000
ART,5,0,,,,13.000000,0.000000,0.000000,0.000000,0.000000,0.000000,0.000000,0.000000,0.000000,0.000000,0.000000,0.000000,0.000000,0.000000,0.000000,0.000000,0.000000,0.000000,0.000000,0.000000
ART,5,1,,,,13.000000,0.000000,0.000000,0.000000,0.000000,0.000000,0.000000,0.000000,0.000000,0.000000,0.000000,0.000000,0.000000,0.000000,0.000000,0.000000,0.000000,0.000000,0.000000,0.000000
ART,5,2,,,,13.000000,0.000000,0.000000,0.000000,0.000000,0.000000,0.000000,0.000000,0.000000,0.000000,0.000000,0.000000,0.000000,0.000000,0.000000,0.000000,0.000000,0.000000,0.000000,0.000000
ART,5,3,,,,13.000000,0.000000,0.000000,0.000000,0.000000,0.000000,0.000000,0.000000,0.000000,0.000000,0.000000,0.000000,0.000000,0.000000,0.000000,0.000000,0.000000,0.000000,0.000000,0.000000
ART,5,4,,,,13.000000,0.000000,0.000000,0.000000,0.000000,0.000000,0.000000,0.000000,0.000000,0.000000,0.000000,0.000000,0.000000,0.000000,0.000000,0.000000,0.000000,0.000000,0.000000,0.000000
ART,5,5,,,,13.000000,0.000000,0.000000,0.000000,0.000000,0.000000,0.000000,0.000000,0.000000,0.000000,0.000000,0.000000,0.000000,0.000000,0.000000,0.000000,0.000000,0.000000,0.000000,0.000000
ART,5,6,,,,13.000000,0.000000,0.000000,0.000000,0.000000,0.000000,0.000000,0.000000,0.000000,0.000000,0.000000,0.000000,0.000000,0.000000,0.000000,0.000000,0.000000,0.000000,0.000000,0.000000
ART,5,7,,,,13.000000,0.000000,0.000000,0.000000,0.000000,0.000000,0.000000,0.000000,0.000000,0.000000,0.000000,0.000000,0.000000,0.000000,0.000000,0.000000,0.000000,0.000000,0.000000,0.000000
ART,5,8,,,,13.000000,0.000000,0.000000,0.000000,0.000000,0.000000,0.000000,0.000000,0.000000,0.000000,0.000000,0.000000,0.000000,0.000000,0.000000,0.000000,0.000000,0.000000,0.000000,0.000000
ART,5,9,,,,13.000000,0.000000,0.000000,0.000000,0.000000,0.000000,0.000000,0.000000,0.000000,0.000000,0.000000,0.000000,0.000000,0.000000,0.000000,0.000000,0.000000,0.000000,0.000000,0.000000
ART,5,10,,,,13.000000,0.000000,0.000000,0.000000,0.000000,0.000000,0.000000,0.000000,0.000000,0.000000,0.000000,0.000000,0.000000,0.000000,0.000000,0.000000,0.000000,0.000000,0.000000,0.000000
ART,5,11,,,,13.000000,0.000000,0.000000,0.000000,0.000000,0.000000,0.000000,0.000000,0.000000,0.000000,0.000000,0.000000,0.000000,0.000000,0.000000,0.000000,0.000000,0.000000,0.000000,0.000000
ART,6,0,,,,12.000000,0.000000,0.000000,0.000000,0.000000,0.000000,0.000000,0.000000,0.000000,0.000000,0.000000,0.000000,0.000000,0.000000,0.000000,0.000000,0.000000,0.000000,0.000000,0.000000
ART,6,1,,,,12.000000,0.000000,0.000000,0.000000,0.000000,0.000000,0.000000,0.000000,0.000000,0.000000,0.000000,0.000000,0.000000,0.000000,0.000000,0.000000,0.000000,0.000000,0.000000,0.000000
ART,6,2,,,,12.000000,0.000000,0.000000,0.000000,0.000000,0.000000,0.000000,0.000000,0.000000,0.000000,0.000000,0.000000,0.000000,0.000000,0.000000,0.000000,0.000000,0.000000,0.000000,0.000000
ART,6,3,,,,12.000000,0.000000,0.000000,0.000000,0.000000,0.000000,0.000000,0.000000,0.000000,0.000000,0.000000,0.000000,0.000000,0.000000,0.000000,0.000000,0.000000,0.000000,0.000000,0.000000
ART,6,4,,,,12.000000,0.000000,0.000000,0.000000,0.000000,0.000000,0.000000,0.000000,0.000000,0.000000,0.000000,0.000000,0.000000,0.000000,0.000000,0.000000,0.000000,0.000000,0.000000,0.000000
ART,6,5,,,,12.000000,0.000000,0.000000,0.000000,0.000000,0.000000,0.000000,0.000000,0.000000,0.000000,0.000000,0.000000,0.000000,0.000000,0.000000,0.000000,0.000000,0.000000,0.000000,0.000000
ART,6,6,,,,12.000000,0.000000,0.000000,0.000000,0.000000,0.000000,0.000000,0.000000,0.000000,0.000000,0.000000,0.000000,0.000000,0.000000,0.000000,0.000000,0.000000,0.000000,0.000000,0.000000
ART,6,7,,,,12.000000,0.000000,0.000000,0.000000,0.000000,0.000000,0.000000,0.000000,0.000000,0.000000,0.000000,0.000000,0.000000,0.000000,0.000000,0.000000,0.000000,0.000000,0.000000,0.000000
ART,6,8,,,,12.000000,0.000000,0.000000,0.000000,0.000000,0.000000,0.000000,0.000000,0.000000,0.000000,0.000000,0.000000,0.000000,0.000000,0.000000,0.000000,0.000000,0.000000,0.000000,0.000000
ART,6,9,,,,12.000000,0.000000,0.000000,0.000000,0.000000,0.000000,0.000000,0.000000,0.000000,0.000000,0.000000,0.000000,0.000000,0.000000,0.000000,0.000000,0.000000,0.000000,0.000000,0.000000
ART,6,10,,,,12.000000,0.000000,0.000000,0.000000,0.000000,0.000000,0.000000,0.000000,0.000000,0.000000,0.000000,0.000000,0.000000,0.000000,0.000000,0.000000,0.000000,0.000000,0.000000,0.000000
ART,6,11,,,,12.000000,0.000000,0.000000,0.000000,0.000000,0.000000,0.000000,0.000000,0.000000,0.000000,0.000000,0.000000,0.000000,0.000000,0.000000,0.000000,0.000000,0.000000,0.000000,0.000000
CAT,0,0,,,,13.000000,0.078205,0.107666,0.029861,1.376708,0.011592,0.794730,-1.354734,0.000000,0.000000,0.025000,0.100000,0.141667,0.166667,0.211667,0.241667,0.241667,0.241667,0.241667,0.241667
CAT,0,1,,,,13.000000,0.167949,0.209271,0.058041,1.246043,0.043795,0.690389,-1.379804,0.000000,0.095000,0.176667,0.231667,0.283333,0.333333,0.408333,0.465000,0.485000,0.491667,0.491667,0.491667
CAT,0,2,,,,13.000000,0.041026,0.138212,0.038333,3.368918,0.019103,3.578244,12.851984,0.000000,0.000000,0.000000,0.000000,0.000000,0.000000,0.000000,0.006667,0.026667,0.220000,0.360000,0.444000
CAT,0,3,,,,13.000000,0.044872,0.161788,0.044872,3.605551,0.026175,3.605551,13.000000,0.000000,0.000000,0.000000,0.000000,0.000000,0.000000,0.000000,0.000000,0.000000,0.233333,0.408333,0.513333
CAT,0,4,,,,13.000000,2.799359,1.090449,0.302436,0.389535,1.189079,-1.323032,2.745083,2.933333,2.953333,3.043333,3.273333,3.376667,3.416667,3.711667,3.930000,3.995000,4.026667,4.034167,4.038667
CAT,0,5,,,,13.000000,6.282692,2.456012,0.681175,0.390917,6.031996,-1.282519,2.391563,6.566667,6.641667,6.878333,7.438333,7.641667,7.666667,8.371667,8.868333,8.948333,8.981667,8.986667,8.989667
CAT,0,6,,,,13.000000,6.285256,2.368024,0.656772,0.376758,5.607537,-1.249294,1.770246,7.250000,7.275000,7.305000,7.345000,7.715000,8.250000,8.300000,8.390000,8.560000,8.706667,8.774167,8.814667
CAT,0,7,,,,13.000000,5.289103,1.998884,0.554391,0.377925,3.995537,-1.522823,3.652067,5.483333,5.598333,5.693333,5.748333,6.136667,6.691667,6.716667,6.791667,6.966667,7.448333,7.765833,7.956333
CAT,0,8,,,,13.000000,3.761538,1.470920,0.407960,0.391042,2.163606,-1.319293,1.799108,4.108333,4.238333,4.328333,4.338333,4.441667,4.591667,4.621667,4.745000,5.055000,5.385000,5.555000,5.657000
CAT,0,9,,,,13.000000,2.189744,0.913474,0.253352,0.417160,0.834435,-0.693409,-0.320394,2.350000,2.395000,2.475000,2.625000,2.745000,2.850000,2.875000,2.976667,3.231667,3.333333,3.345833,3.353333
CAT,0,10,,,,13.000000,0.960256,0.622682,0.172701,0.648454,0.387733,1.175925,2.608373,0.791667,0.886667,0.960000,0.990000,1.116667,1.291667,1.331667,1.386667,1.471667,1.910000,2.217500,2.402000
CAT,0,11,,,,13.000000,0.591667,0.464354,0.128789,0.784824,0.215625,0.264265,-0.306065,0.658333,0.758333,0.825000,0.825000,0.855000,0.900000,0.900000,0.910000,0.940000,1.183333,1.358333,1.463333
CAT,1,0,,,,13.000000,0.185256,0.252170,0.069939,1.361195,0.063590,1.300412,1.102839,0.000000,0.100000,0.183333,0.233333,0.266667,0.291667,0.386667,0.453333,0.463333,0.593333,0.688333,0.745333
CAT,1,1,,,,13.000000,0.025641,0.092450,0.025641,3.605551,0.008547,3.605551,13.000000,0.000000,0.000000,0.000000,0.000000,0.000000,0.000000,0.000000,0.000000,0.000000,0.133333,0.233333,0.293333
CAT,1,2,,,,13.000000,0.035256,0.127119,0.035256,3.605551,0.016159,3.605551,13.000000,0.000000,0.000000,0.000000,0.000000,0.000000,0.000000,0.000000,0.000000,0.000000,0.183333,0.320833,0.403333
CAT,1,3,,,,13.000000,0.166026,0.268816,0.074556,1.619126,0.072262,1.305350,0.039498,0.000000,0.000000,0.008333,0.033333,0.138333,0.283333,0.408333,0.521667,0.611667,0.665000,0.682500,0.693000
CAT,1,4,,,,13.000000,0.308974,0.346652,0.096144,1.121943,0.120167,1.511863,2.271894,0.241667,0.246667,0.263333,0.303333,0.333333,0.358333,0.463333,0.581667,0.726667,0.935000,1.055000,1.127000
CAT,1,5,,,,13.000000,4.633333,1.314841,0.364671,0.283779,1.728808,0.780950,-0.477525,4.041667,4.311667,4.553333,4.738333,5.223333,5.858333,5.918333,6.026667,6.231667,6.693333,6.988333,7.165333
CAT,1,6,,,,13.000000,5.442949,2.027541,0.562339,0.372508,4.110924,-0.301420,0.315483,5.150000,5.760000,6.185000,6.240000,6.308333,6.383333,7.168333,7.700000,7.725000,8.150000,8.462500,8.650000
CAT,1,7,,,,13.000000,4.870513,1.034507,0.286921,0.212402,1.070204,0.314173,-0.291244,4.608333,4.908333,5.130000,5.195000,5.270000,5.350000,5.755000,6.043333,6.098333,6.400000,6.612500,6.740000
CAT,1,8,,,,13.000000,4.205769,1.629365,0.451905,0.387412,2.654831,0.855800,0.977424,4.008333,4.148333,4.280000,4.395000,4.650000,4.975000,5.160000,5.471667,6.036667,6.895000,7.397500,7.699000
CAT,1,9,,,,13.000000,2.523077,0.990155,0.274620,0.392439,0.980407,-0.524056,0.435621,2.416667,2.486667,2.623333,2.893333,3.126667,3.341667,3.476667,3.591667,3.666667,3.791667,3.866667,3.911667
CAT,1,10,,,,13.000000,1.305769,0.719241,0.199482,0.550818,0.517308,0.326783,-0.258918,1.233333,1.233333,1.306667,1.526667,1.640000,1.700000,1.855000,2.023333,2.218333,2.433333,2.545833,2.613333
CAT,1,11,,,,13.000000,0.449359,0.320345,0.088848,0.712894,0.102621,0.288533,-0.490669,0.450000,0.455000,0.475000,0.525000,0.558333,0.583333,0.688333,0.786667,0.871667,0.953333,0.993333,1.017333
CAT,2,0,,,,13.000000,0.253846,0.372688,0.103365,1.468163,0.138896,1.144156,-0.321881,0.008333,0.008333,0.071667,0.261667,0.341667,0.366667,0.596667,0.773333,0.843333,0.910000,0.942500,0.962000
CAT,2,1,,,,13.000000,0.094872,0.194500,0.053945,2.050137,0.037830,2.052399,3.707438,0.000000,0.000000,0.000000,0.000000,0.000000,0.000000,0.175000,0.298333,0.318333,0.441667,0.529167,0.581667
CAT,2,2,,,,13.000000,0.000000,0.000000,0.000000,0.000000,0.000000,0.000000,0.000000,0.000000,0.000000,0.000000,0.000000,0.000000,0.000000,0.000000,0.000000,0.000000,0.000000,0.000000,0.000000
CAT,2,3,,,,13.000000,0.012179,0.043914,0.012179,3.605551,0.001928,3.605551,13.000000,0.000000,0.000000,0.000000,0.000000,0.000000,0.000000,0.000000,0.000000,0.000000,0.063333,0.110833,0.139333
CAT,2,4,,,,13.000000,1.569872,0.516068,0.143131,0.328732,0.266326,-0.757953,0.486563,1.708333,1.748333,1.793333,1.848333,1.870000,1.875000,1.900000,1.925000,1.950000,2.131667,2.261667,2.339667
CAT,2,5,,,,13.000000,4.866026,1.041386,0.288828,0.214012,1.084485,-0.358108,1.211163,4.975000,5.145000,5.276667,5.331667,5.353333,5.358333,5.408333,5.508333,5.708333,6.211667,6.539167,6.735667
CAT,2,6,,,,13.000000,6.362179,1.509011,0.418524,0.237185,2.277114,0.390680,0.047267,6.350000,6.415000,6.505000,6.645000,6.811667,6.991667,7.336667,7.761667,8.346667,8.838333,9.060833,9.194333
CAT,2,7,,,,13.000000,5.632051,1.172050,0.325068,0.208104,1.373702,0.673733,0.153058,5.525000,5.550000,5.598333,5.693333,5.818333,5.958333,6.508333,6.935000,7.115000,7.528333,7.793333,7.952333
CAT,2,8,,,,13.000000,3.935256,1.360288,0.377276,0.345667,1.850384,0.509560,-0.583559,3.725000,3.970000,4.150000,4.200000,4.403333,4.683333,5.178333,5.521667,5.561667,5.971667,6.269167,6.447667
CAT,2,9,,,,13.000000,1.967949,0.874834,0.242635,0.444541,0.765334,1.296828,2.117361,1.816667,1.886667,1.935000,1.940000,2.021667,2.141667,2.406667,2.680000,2.970000,3.486667,3.801667,3.990667
CAT,2,10,,,,13.000000,0.789103,0.383218,0.106286,0.485638,0.146856,-0.087149,-0.743025,0.750000,0.800000,0.850000,0.900000,0.963333,1.033333,1.093333,1.178333,1.313333,1.361667,1.364167,1.365667
CAT,2,11,,,,13.000000,0.566667,0.518456,0.143794,0.914922,0.268796,0.542684,-0.563056,0.416667,0.611667,0.773333,0.868333,0.933333,0.983333,0.993333,1.006667,1.026667,1.270000,1.447500,1.554000
CAT,3,0,,,,13.000000,0.315385,0.360360,0.099946,1.142605,0.129859,0.809908,-0.822309,0.175000,0.265000,0.343333,0.398333,0.446667,0.491667,0.641667,0.776667,0.881667,0.930000,0.940000,0.946000
CAT,3,1,,,,13.000000,0.213462,0.341116,0.094609,1.598023,0.116360,1.947819,3.571046,0.000000,0.075000,0.150000,0.225000,0.250000,0.250000,0.300000,0.406667,0.626667,0.866667,0.991667,1.066667
CAT,3,2,,,,13.000000,0.072436,0.177018,0.049096,2.443792,0.031335,2.189597,3.306298,0.000000,0.000000,0.000000,0.000000,0.000000,0.000000,0.000000,0.090000,0.360000,0.466667,0.479167,0.486667
CAT,3,3,,,,13.000000,0.082051,0.208107,0.057718,2.536301,0.043308,3.010093,9.390564,0.000000,0.000000,0.000000,0.000000,0.000000,0.000000,0.050000,0.116667,0.216667,0.443333,0.588333,0.675333
CAT,3,4,,,,13.000000,2.201282,0.874807,0.242628,0.397408,0.765288,1.000200,0.156417,1.950000,2.105000,2.211667,2.221667,2.321667,2.466667,2.781667,3.125000,3.525000,3.791667,3.891667,3.951667
CAT,3,5,,,,13.000000,5.386538,1.119082,0.310377,0.207755,1.252344,0.866729,-0.643521,5.041667,5.126667,5.213333,5.303333,5.746667,6.366667,6.506667,6.683333,6.933333,7.233333,7.395833,7.493333
CAT,3,6,,,,13.000000,5.333974,1.502442,0.416702,0.281674,2.257332,-0.831173,0.392935,5.658333,5.758333,5.830000,5.845000,5.973333,6.158333,6.278333,6.413333,6.578333,7.053333,7.368333,7.557333
CAT,3,7,,,,13.000000,5.605128,1.274344,0.353439,0.227353,1.623953,-0.274964,-0.860389,5.583333,5.633333,5.841667,6.366667,6.581667,6.641667,6.756667,6.870000,6.980000,7.210000,7.355000,7.442000
CAT,3,8,,,,13.000000,3.186538,0.821933,0.227963,0.257939,0.675573,0.761254,-0.250141,3.141667,3.161667,3.206667,3.301667,3.460000,3.650000,3.705000,3.928333,4.488333,4.675000,4.675000,4.675000
CAT,3,9,,,,13.000000,1.625000,0.775388,0.215054,0.477162,0.601227,-0.713907,-0.300501,1.900000,2.025000,2.111667,2.121667,2.135000,2.150000,2.240000,2.336667,2.446667,2.506667,2.524167,2.534667
CAT,3,10,,,,13.000000,1.049359,0.839749,0.232905,0.800250,0.705179,0.290926,-1.102774,0.975000,1.085000,1.180000,1.245000,1.373333,1.533333,1.928333,2.206667,2.251667,2.283333,2.295833,2.303333
CAT,3,11,,,,13.000000,0.532051,0.463042,0.128425,0.870296,0.214408,0.906311,1.035350,0.541667,0.561667,0.585000,0.615000,0.705000,0.825000,0.830000,0.866667,0.966667,1.243333,1.425833,1.535333
CAT,4,0,,,,13.000000,0.295513,0.238645,0.066188,0.807563,0.056952,-0.220538,-1.645688,0.375000,0.375000,0.381667,0.401667,0.441667,0.491667,0.496667,0.516667,0.566667,0.600000,0.612500,0.620000
CAT,4,1,,,,13.000000,0.126923,0.232193,0.064399,1.829403,0.053914,1.562797,0.804182,0.000000,0.000000,0.000000,0.000000,0.030000,0.075000,0.275000,0.435000,0.515000,0.575000,0.600000,0.615000
CAT,4,2,,,,13.000000,0.085897,0.211432,0.058641,2.461448,0.044704,2.256060,3.812157,0.000000,0.000000,0.000000,0.000000,0.000000,0.000000,0.000000,0.098333,0.393333,0.545000,0.585000,0.609000
CAT,4,3,,,,13.000000,0.009615,0.034669,0.009615,3.605551,0.001202,3.605551,13.000000,0.000000,0.000000,0.000000,0.000000,0.000000,0.000000,0.000000,0.000000,0.000000,0.050000,0.087500,0.110000
CAT,4,4,,,,13.000000,1.635256,0.732395,0.203130,0.447878,0.536402,0.350005,-0.380538,1.591667,1.641667,1.748333,1.968333,2.041667,2.041667,2.176667,2.298333,2.393333,2.691667,2.891667,3.011667
CAT,4,5,,,,13.000000,5.869872,1.407250,0.390301,0.239741,1.980353,0.162542,-1.137537,5.641667,5.711667,5.890000,6.285000,6.736667,7.216667,7.376667,7.516667,7.616667,7.826667,7.959167,8.038667
CAT,4,6,,,,13.000000,6.485256,1.843310,0.511242,0.284231,3.397791,0.265241,-0.280118,6.450000,6.585000,6.773333,7.068333,7.286667,7.466667,7.531667,7.946667,9.061667,9.550000,9.637500,9.690000
CAT,4,7,,,,13.000000,5.709615,1.595534,0.442521,0.279447,2.545727,-0.253997,0.256603,5.608333,5.673333,5.888333,6.403333,6.588333,6.608333,6.878333,7.071667,7.111667,7.731667,8.186667,8.459667
CAT,4,8,,,,13.000000,5.331410,1.466979,0.406867,0.275158,2.152027,1.723782,4.531375,5.000000,5.020000,5.081667,5.226667,5.578333,6.033333,6.123333,6.186667,6.196667,7.463333,8.410833,8.979333
CAT,4,9,,,,13.000000,2.978205,1.151441,0.319352,0.386622,1.325816,0.639021,1.344839,2.916667,2.936667,3.011667,3.196667,3.388333,3.583333,3.693333,3.796667,3.886667,4.603333,5.118333,5.427333
CAT,4,10,,,,13.000000,1.429487,0.994642,0.275864,0.695803,0.989313,0.123002,-0.964294,1.450000,1.475000,1.525000,1.625000,1.791667,1.991667,2.341667,2.623333,2.768333,2.896667,2.956667,2.992667
CAT,4,11,,,,13.000000,0.787179,0.503651,0.139688,0.639817,0.253665,1.016272,1.588497,0.775000,0.825000,0.860000,0.865000,0.903333,0.958333,1.043333,1.146667,1.286667,1.596667,1.794167,1.912667
CAT,5,0,,,,13.000000,0.466026,0.522464,0.144905,1.121105,0.272968,0.719906,-1.097649,0.333333,0.403333,0.460000,0.490000,0.683333,0.958333,1.008333,1.088333,1.228333,1.315000,1.345000,1.363000
CAT,5,1,,,,13.000000,0.133333,0.260586,0.072274,1.954395,0.067905,1.676710,1.394248,0.000000,0.000000,0.000000,0.000000,0.000000,0.000000,0.270000,0.468333,0.523333,0.621667,0.681667,0.717667
CAT,5,2,,,,13.000000,0.120513,0.286494,0.079459,2.377292,0.082079,2.603891,6.588403,0.000000,0.000000,0.000000,0.000000,0.000000,0.000000,0.070000,0.191667,0.416667,0.678333,0.818333,0.902333
CAT,5,3,,,,13.000000,0.064103,0.231125,0.064103,3.605551,0.053419,3.605551,13.000000,0.000000,0.000000,0.000000,0.000000,0.000000,0.000000,0.000000,0.000000,0.000000,0.333333,0.583333,0.733333
CAT,5,4,,,,13.000000,1.145513,0.278027,0.077111,0.242709,0.077299,0.696049,-0.201563,1.141667,1.166667,1.183333,1.183333,1.186667,1.191667,1.316667,1.438333,1.553333,1.628333,1.655833,1.672333
CAT,5,5,,,,13.000000,2.199359,1.101327,0.305453,0.500749,1.212922,1.368967,1.308832,2.016667,2.041667,2.075000,2.125000,2.288333,2.508333,2.578333,2.940000,3.885000,4.376667,4.509167,4.588667
CAT,5,6,,,,13.000000,1.496795,0.839412,0.232811,0.560806,0.704613,0.481681,0.868851,1.533333,1.603333,1.660000,1.690000,1.703333,1.708333,1.943333,2.186667,2.446667,2.836667,3.064167,3.200667
CAT,5,7,,,,13.000000,0.995513,0.710516,0.197062,0.713719,0.504834,-0.009509,-1.486152,1.025000,1.150000,1.266667,1.366667,1.516667,1.691667,1.706667,1.731667,1.776667,1.901667,1.984167,2.033667
CAT,5,8,,,,13.000000,0.348718,0.320172,0.088800,0.918139,0.102510,0.411952,-1.414174,0.250000,0.320000,0.393333,0.473333,0.546667,0.616667,0.696667,0.755000,0.770000,0.811667,0.839167,0.855667
CAT,5,9,,,,13.000000,0.173718,0.223344,0.061944,1.285669,0.049882,1.023302,0.134771,0.000000,0.120000,0.208333,0.233333,0.278333,0.333333,0.353333,0.383333,0.433333,0.536667,0.601667,0.640667
CAT,5,10,,,,13.000000,0.298077,0.375403,0.104118,1.259418,0.140928,1.100767,0.201376,0.116667,0.266667,0.366667,0.366667,0.370000,0.375000,0.600000,0.756667,0.776667,0.916667,1.016667,1.076667
CAT,5,11,,,,13.000000,0.183974,0.239320,0.066375,1.300831,0.057274,1.181368,0.153968,0.116667,0.121667,0.133333,0.158333,0.230000,0.325000,0.355000,0.425000,0.575000,0.638333,0.648333,0.654333
CAT,6,0,,,,12.000000,0.195833,0.287371,0.082957,1.467426,0.082582,1.455819,1.071186,0.037500,0.077500,0.105000,0.150000,0.241667,0.310417,0.351667,0.468750,0.629167,0.737083,0.785208,0.814083
CAT,6,1,,,,12.000000,0.079167,0.149979,0.043295,1.894471,0.022494,1.648842,1.341664,0.000000,0.000000,0.000000,0.000000,0.000000,0.052083,0.166667,0.249167,0.313333,0.366250,0.391458,0.406583
CAT,6,2,,,,12.000000,0.120139,0.188242,0.054341,1.566870,0.035435,1.544955,1.158713,0.000000,0.006250,0.075000,0.125000,0.125000,0.143750,0.185000,0.302083,0.462500,0.495417,0.497708,0.499083
CAT,6,3,,,,12.000000,0.240278,0.223291,0.064459,0.929305,0.049859,0.258675,-1.335237,0.266667,0.327500,0.355000,0.375000,0.375000,0.375000,0.375000,0.430417,0.517500,0.570833,0.593750,0.607500
CAT,6,4,,,,12.000000,0.245833,0.252875,0.072999,1.028644,0.063946,1.187587,1.776931,0.225000,0.242083,0.246667,0.268750,0.337500,0.385417,0.408333,0.428333,0.446667,0.630000,0.740000,0.806000
CAT,6,5,,,,12.000000,0.493056,0.283330,0.081790,0.574640,0.080276,-0.649081,-0.251589,0.516667,0.535417,0.558333,0.598750,0.685833,0.735417,0.740000,0.756250,0.779167,0.824583,0.849792,0.864917
CAT,6,6,,,,12.000000,0.620833,0.404824,0.116863,0.652066,0.163883,0.226073,-0.780456,0.558333,0.583333,0.675000,0.759167,0.823333,0.889583,0.958333,1.056250,1.170833,1.236667,1.264167,1.280667
CAT,6,7,,,,12.000000,0.371528,0.371957,0.107375,1.001154,0.138352,1.086174,1.608634,0.391667,0.451667,0.470000,0.484583,0.489167,0.504167,0.531667,0.597083,0.684167,0.947500,1.098750,1.189500
CAT,6,8,,,,12.000000,0.475000,0.422041,0.121833,0.888508,0.178119,0.586553,-0.468678,0.429167,0.497500,0.561667,0.628333,0.701667,0.770833,0.835000,0.875833,0.903333,1.092083,1.204375,1.271750
CAT,6,9,,,,12.000000,0.311806,0.219056,0.063236,0.702541,0.047986,-0.390186,-1.143276,0.350000,0.368750,0.391667,0.420833,0.466667,0.493750,0.498333,0.514583,0.537500,0.575417,0.596042,0.608417
CAT,6,10,,,,12.000000,0.236111,0.253220,0.073098,1.072461,0.064120,0.700925,-0.519998,0.208333,0.251667,0.270000,0.302083,0.370833,0.418750,0.441667,0.479167,0.525000,0.627083,0.684375,0.718750
CAT,6,11,,,,12.000000,0.160417,0.196437,0.056706,1.224541,0.038587,0.653956,-1.493202,0.037500,0.081667,0.155000,0.232083,0.319167,0.366667,0.366667,0.384167,0.411667,0.450417,0.471042,0.483417
IVT,0,0,,,,13.000000,0.198077,0.291432,0.080829,1.471305,0.084932,1.302996,0.919622,0.000000,0.000000,0.058333,0.233333,0.341667,0.416667,0.426667,0.456667,0.526667,0.683333,0.783333,0.843333
IVT,0,1,,,,13.000000,0.041667,0.127294,0.035305,3.055050,0.016204,3.419396,11.919643,0.000000,0.000000,0.000000,0.000000,0.000000,0.000000,0.000000,0.016667,0.066667,0.233333,0.345833,0.413333
IVT,0,2,,,,13.000000,0.182051,0.230936,0.064050,1.268523,0.053332,1.077222,0.412360,0.025000,0.105000,0.190000,0.285000,0.330000,0.350000,0.370000,0.390000,0.410000,0.533333,0.620833,0.673333
IVT,0,3,,,,13.000000,5.388462,1.728039,0.479272,0.320692,2.986117,-2.595952,8.128310,5.750000,5.825000,5.898333,5.968333,6.008333,6.033333,6.078333,6.233333,6.608333,6.943333,7.100833,7.195333
IVT,0,4,,,,13.000000,12.014103,3.716835,1.030865,0.309373,13.814866,-2.480783,7.533646,12.916667,12.926667,13.055000,13.420000,13.778333,14.133333,14.298333,14.508333,14.808333,15.238333,15.485833,15.634333
IVT,0,5,,,,13.000000,20.440385,6.763340,1.875813,0.330881,45.742764,-2.533792,7.780403,21.983333,22.348333,22.885000,23.765000,24.305000,24.675000,24.875000,25.038333,25.128333,25.815000,26.307500,26.603000
IVT,0,6,,,,13.000000,21.773077,6.912894,1.917292,0.317497,47.788104,-2.760587,8.784584,22.458333,23.453333,24.221667,24.536667,25.035000,25.625000,26.070000,26.393333,26.473333,26.970000,27.322500,27.534000
IVT,0,7,,,,13.000000,18.166667,6.704787,1.859573,0.369071,44.954167,-1.164102,2.914020,17.466667,18.251667,18.875000,19.175000,20.738333,22.933333,23.578333,24.358333,25.408333,26.548333,27.140833,27.496333
IVT,0,8,,,,13.000000,12.003846,4.759314,1.319996,0.396482,22.651072,-1.241561,2.334761,12.300000,13.040000,13.600000,13.800000,14.753333,16.083333,16.298333,16.508333,16.708333,17.151667,17.434167,17.603667
IVT,0,9,,,,13.000000,4.787179,2.120337,0.588076,0.442920,4.495829,-0.524830,1.315242,4.883333,5.213333,5.480000,5.620000,5.716667,5.791667,5.996667,6.353333,7.013333,7.733333,8.108333,8.333333
IVT,0,10,,,,13.000000,1.059615,0.709385,0.196748,0.669474,0.503227,-0.145666,-1.536705,1.075000,1.305000,1.491667,1.591667,1.628333,1.633333,1.653333,1.716667,1.866667,1.966667,2.004167,2.026667
IVT,0,11,,,,13.000000,0.178846,0.234264,0.064973,1.309865,0.054880,0.673777,-1.648574,0.000000,0.025000,0.098333,0.268333,0.361667,0.416667,0.466667,0.500000,0.500000,0.516667,0.529167,0.536667
IVT,1,0,,,,13.000000,0.073718,0.128598,0.035667,1.744466,0.016538,1.622329,1.539205,0.000000,0.000000,0.000000,0.000000,0.050000,0.125000,0.150000,0.191667,0.266667,0.325000,0.350000,0.365000
IVT,1,1,,,,13.000000,0.033333,0.101835,0.028244,3.055050,0.010370,3.419396,11.919643,0.000000,0.000000,0.000000,0.000000,0.000000,0.000000,0.000000,0.013333,0.053333,0.186667,0.276667,0.330667
IVT,1,2,,,,13.000000,0.104487,0.146432,0.040613,1.401434,0.021442,0.844194,-1.291717,0.000000,0.000000,0.025000,0.100000,0.191667,0.291667,0.291667,0.291667,0.291667,0.318333,0.338333,0.350333
IVT,1,3,,,,13.000000,2.480128,1.072842,0.297553,0.432575,1.150990,0.892760,0.290793,2.208333,2.313333,2.420000,2.530000,2.720000,2.950000,3.125000,3.443333,4.048333,4.423333,4.553333,4.631333
IVT,1,4,,,,13.000000,7.878846,2.656453,0.736768,0.337163,7.056743,-0.376791,0.465826,7.925000,8.115000,8.370000,8.755000,8.930000,9.000000,9.320000,9.843333,10.773333,11.670000,12.110000,12.374000
IVT,1,5,,,,13.000000,16.458974,2.913632,0.808096,0.177024,8.489253,-1.233069,0.643885,17.458333,17.628333,17.848333,18.168333,18.475000,18.775000,18.875000,18.985000,19.115000,19.165000,19.170000,19.173000
IVT,1,6,,,,13.000000,20.169872,3.389799,0.940161,0.168062,11.490735,0.072502,1.416313,20.550000,20.830000,21.025000,21.050000,21.258333,21.558333,22.098333,22.581667,22.951667,24.788333,26.073333,26.844333
IVT,1,7,,,,13.000000,18.401282,1.734481,0.481058,0.094259,3.008424,0.939236,0.594461,17.816667,17.841667,17.998333,18.418333,18.585000,18.625000,19.325000,20.128333,21.138333,21.641667,21.766667,21.841667
IVT,1,8,,,,13.000000,13.897436,2.220593,0.615882,0.159784,4.931035,0.645681,2.142768,13.716667,14.036667,14.250000,14.250000,14.376667,14.566667,14.736667,15.133333,15.983333,17.396667,18.244167,18.752667
IVT,1,9,,,,13.000000,5.840385,1.840252,0.510394,0.315091,3.386526,0.763696,-0.794608,5.325000,5.395000,5.511667,5.721667,6.321667,7.116667,7.851667,8.373333,8.468333,8.766667,8.966667,9.086667
IVT,1,10,,,,13.000000,1.384615,0.848561,0.235349,0.612850,0.720056,0.856581,0.769865,1.258333,1.278333,1.358333,1.558333,1.725000,1.875000,1.945000,2.075000,2.325000,2.761667,3.026667,3.185667
IVT,1,11,,,,13.000000,0.219872,0.252041,0.069904,1.146310,0.063525,1.049360,0.487794,0.166667,0.201667,0.230000,0.245000,0.316667,0.416667,0.431667,0.453333,0.488333,0.616667,0.704167,0.756667
IVT,2,0,,,,13.000000,0.074359,0.134821,0.037393,1.813107,0.018177,1.796839,2.485645,0.000000,0.000000,0.000000,0.000000,0.033333,0.083333,0.163333,0.223333,0.243333,0.316667,0.366667,0.396667
IVT,2,1,,,,13.000000,0.012821,0.046225,0.012821,3.605551,0.002137,3.605551,13.000000,0.000000,0.000000,0.000000,0.000000,0.000000,0.000000,0.000000,0.000000,0.000000,0.066667,0.116667,0.146667
IVT,2,2,,,,13.000000,0.072436,0.084395,0.023407,1.165098,0.007123,1.089278,0.344704,0.041667,0.066667,0.083333,0.083333,0.093333,0.108333,0.133333,0.158333,0.183333,0.218333,0.238333,0.250333
IVT,2,3,,,,13.000000,5.835256,1.053412,0.292164,0.180525,1.109678,-0.761108,0.246931,6.125000,6.175000,6.218333,6.248333,6.261667,6.266667,6.491667,6.695000,6.855000,7.108333,7.258333,7.348333
IVT,2,4,,,,13.000000,10.655128,2.357606,0.653882,0.221265,5.558305,-0.181731,-0.039195,10.983333,11.018333,11.270000,11.955000,12.203333,12.233333,12.358333,12.488333,12.628333,13.598333,14.290833,14.706333
IVT,2,5,,,,13.000000,19.074359,2.518897,0.698616,0.132057,6.344843,-0.903395,0.344136,19.300000,19.380000,19.553333,19.913333,20.556667,21.341667,21.396667,21.486667,21.646667,21.880000,22.015000,22.096000
IVT,2,6,,,,13.000000,19.528846,1.905127,0.528387,0.097555,3.629509,-0.398226,-0.836954,19.233333,19.893333,20.381667,20.526667,20.748333,21.008333,21.193333,21.438333,21.803333,21.981667,22.024167,22.049667
IVT,2,7,,,,13.000000,16.983333,2.068990,0.573834,0.121825,4.280718,0.151551,-1.800498,16.508333,17.223333,17.871667,18.386667,18.721667,18.966667,19.141667,19.318333,19.498333,19.695000,19.797500,19.859000
IVT,2,8,,,,13.000000,11.208974,2.165565,0.600620,0.193199,4.689670,0.159005,-0.506066,10.758333,11.228333,11.643333,11.948333,12.160000,12.325000,13.045000,13.658333,14.058333,14.481667,14.699167,14.829667
IVT,2,9,,,,13.000000,3.560897,1.406711,0.390151,0.395044,1.978835,0.515645,-0.481462,3.283333,3.663333,3.976667,4.156667,4.306667,4.441667,4.446667,4.671667,5.336667,5.851667,6.071667,6.203667
IVT,2,10,,,,13.000000,1.000000,0.864982,0.239903,0.864982,0.748194,0.266109,-1.604008,0.750000,0.970000,1.240000,1.610000,1.773333,1.833333,1.873333,1.908333,1.933333,2.128333,2.268333,2.352333
IVT,2,11,,,,13.000000,0.255769,0.332767,0.092293,1.301042,0.110734,1.495804,2.084333,0.166667,0.216667,0.266667,0.316667,0.350000,0.375000,0.400000,0.473333,0.643333,0.853333,0.968333,1.037333
IVT,3,0,,,,13.000000,0.187179,0.225144,0.062444,1.202826,0.050690,0.584932,-1.430866,0.000000,0.150000,0.263333,0.303333,0.323333,0.333333,0.418333,0.476667,0.481667,0.520000,0.547500,0.564000
IVT,3,1,,,,13.000000,0.000000,0.000000,0.000000,0.000000,0.000000,0.000000,0.000000,0.000000,0.000000,0.000000,0.000000,0.000000,0.000000,0.000000,0.000000,0.000000,0.000000,0.000000,0.000000
IVT,3,2,,,,13.000000,0.112179,0.136830,0.037950,1.219740,0.018722,1.609730,2.773003,0.050000,0.080000,0.106667,0.126667,0.150000,0.175000,0.190000,0.211667,0.246667,0.341667,0.404167,0.441667
IVT,3,3,,,,13.000000,4.675641,1.404958,0.389665,0.300484,1.973906,-1.040859,1.014575,4.833333,4.838333,4.946667,5.261667,5.396667,5.441667,5.571667,5.750000,6.025000,6.346667,6.519167,6.622667
IVT,3,4,,,,13.000000,10.582051,2.849289,0.790251,0.269257,8.118447,-0.856554,0.546329,11.125000,11.220000,11.508333,12.183333,12.411667,12.416667,12.781667,13.046667,13.111667,13.750000,14.212500,14.490000
IVT,3,5,,,,13.000000,21.289103,4.029816,1.117670,0.189290,16.239414,0.055185,-1.103101,21.425000,21.935000,22.453333,22.988333,23.796667,24.741667,24.751667,25.051667,25.931667,26.938333,27.473333,27.794333
IVT,3,6,,,,13.000000,20.874359,3.906053,1.083344,0.187122,15.257251,0.117873,-0.189530,22.133333,22.153333,22.181667,22.226667,22.298333,22.383333,22.503333,23.230000,25.170000,26.813333,27.560833,28.009333
IVT,3,7,,,,13.000000,15.730769,4.336223,1.202652,0.275652,18.802829,0.022018,-1.191643,15.916667,16.866667,17.701667,18.306667,18.598333,18.733333,18.758333,19.351667,21.081667,22.038333,22.323333,22.494333
IVT,3,8,,,,13.000000,10.375000,3.494799,0.969283,0.336848,12.213623,0.245390,-0.338116,10.291667,10.606667,11.135000,12.090000,12.535000,12.725000,13.260000,13.673333,13.843333,15.190000,16.157500,16.738000
IVT,3,9,,,,13.000000,3.998718,2.162065,0.599649,0.540689,4.674524,0.931305,0.819146,3.441667,3.636667,3.983333,4.633333,4.946667,5.091667,5.421667,5.811667,6.321667,7.468333,8.200833,8.640333
IVT,3,10,,,,13.000000,1.169231,0.838894,0.232667,0.717475,0.703743,1.056305,0.409374,0.808333,1.043333,1.248333,1.393333,1.525000,1.650000,1.750000,1.911667,2.196667,2.591667,2.816667,2.951667
IVT,3,11,,,,13.000000,0.126923,0.224360,0.062226,1.767685,0.050337,1.810099,2.839907,0.000000,0.000000,0.000000,0.000000,0.100000,0.250000,0.265000,0.303333,0.388333,0.533333,0.620833,0.673333
IVT,4,0,,,,13.000000,0.044231,0.159476,0.044231,3.605551,0.025433,3.605551,13.000000,0.000000,0.000000,0.000000,0.000000,0.000000,0.000000,0.000000,0.000000,0.000000,0.230000,0.402500,0.506000
IVT,4,1,,,,13.000000,0.000000,0.000000,0.000000,0.000000,0.000000,0.000000,0.000000,0.000000,0.000000,0.000000,0.000000,0.000000,0.000000,0.000000,0.000000,0.000000,0.000000,0.000000,0.000000
IVT,4,2,,,,13.000000,0.087821,0.109693,0.030423,1.249061,0.012033,2.251179,6.378130,0.083333,0.093333,0.100000,0.100000,0.100000,0.100000,0.120000,0.135000,0.140000,0.248333,0.328333,0.376333
IVT,4,3,,,,13.000000,6.469872,1.580859,0.438451,0.244342,2.499115,0.354593,0.618996,6.325000,6.370000,6.408333,6.433333,6.661667,6.991667,7.421667,7.951667,8.681667,9.158333,9.333333,9.438333
IVT,4,4,,,,13.000000,12.473718,2.165918,0.600718,0.173639,4.691202,-0.188616,-0.112326,12.733333,12.898333,13.153333,13.588333,13.773333,13.833333,13.858333,14.031667,14.501667,15.351667,15.871667,16.183667
IVT,4,5,,,,13.000000,24.481410,2.196813,0.609286,0.089734,4.825986,1.056313,0.166516,24.066667,24.336667,24.520000,24.530000,24.906667,25.466667,25.876667,26.580000,27.870000,28.560000,28.755000,28.872000
IVT,4,6,,,,13.000000,26.049359,2.820688,0.782318,0.108282,7.956278,0.041425,1.286277,25.866667,25.876667,25.940000,26.110000,26.400000,26.750000,27.695000,28.620000,29.505000,30.510000,31.042500,31.362000
IVT,4,7,,,,13.000000,20.488462,2.443263,0.677639,0.119251,5.969532,0.997591,1.294772,20.125000,20.245000,20.466667,20.891667,21.093333,21.183333,22.188333,22.873333,22.918333,24.250000,25.237500,25.830000
IVT,4,8,,,,13.000000,13.565385,3.291946,0.913022,0.242673,10.836908,1.214559,2.280726,13.150000,13.880000,14.475000,14.800000,14.978333,15.083333,15.323333,15.560000,15.790000,18.260000,20.055000,21.132000
IVT,4,9,,,,13.000000,5.795513,1.538975,0.426835,0.265546,2.368445,0.059191,-0.148718,5.841667,5.891667,5.980000,6.145000,6.330000,6.525000,6.945000,7.258333,7.358333,7.931667,8.336667,8.579667
IVT,4,10,,,,13.000000,1.400641,0.682346,0.189249,0.487167,0.465596,-0.154752,-0.134136,1.500000,1.580000,1.640000,1.660000,1.710000,1.775000,1.800000,1.853333,1.963333,2.276667,2.484167,2.608667
IVT,4,11,,,,13.000000,0.175000,0.167981,0.046590,0.959891,0.028218,0.449382,-1.038127,0.166667,0.201667,0.233333,0.258333,0.276667,0.291667,0.316667,0.341667,0.366667,0.421667,0.456667,0.477667
IVT,5,0,,,,13.000000,0.127564,0.239197,0.066341,1.875110,0.057215,1.863931,2.291608,0.000000,0.000000,0.000000,0.000000,0.066667,0.166667,0.191667,0.286667,0.521667,0.633333,0.658333,0.673333
IVT,5,1,,,,13.000000,0.065385,0.170947,0.047412,2.614478,0.029223,2.730204,7.306829,0.000000,0.000000,0.000000,0.000000,0.000000,0.000000,0.000000,0.055000,0.220000,0.395000,0.485000,0.539000
IVT,5,2,,,,13.000000,0.092949,0.188250,0.052211,2.025310,0.035438,1.872259,2.322910,0.000000,0.000000,0.000000,0.000000,0.000000,0.000000,0.140000,0.271667,0.386667,0.475000,0.512500,0.535000
IVT,5,3,,,,13.000000,1.366026,0.325435,0.090260,0.238235,0.105908,-0.614301,0.124564,1.416667,1.431667,1.458333,1.508333,1.531667,1.541667,1.586667,1.641667,1.716667,1.788333,1.823333,1.844333
IVT,5,4,,,,13.000000,2.617949,0.839442,0.232819,0.320649,0.704663,0.713533,1.791811,2.608333,2.628333,2.705000,2.895000,3.025000,3.125000,3.145000,3.158333,3.158333,3.735000,4.167500,4.427000
IVT,5,5,,,,13.000000,3.605128,1.094507,0.303562,0.303597,1.197946,-0.556668,0.183038,3.650000,3.740000,3.838333,3.953333,4.191667,4.491667,4.521667,4.598333,4.768333,5.008333,5.145833,5.228333
IVT,5,6,,,,13.000000,2.364103,1.763291,0.489049,0.745861,3.109194,0.121221,-1.674556,2.500000,2.650000,2.960000,3.590000,3.803333,3.808333,4.048333,4.270000,4.455000,4.713333,4.860833,4.949333
IVT,5,7,,,,13.000000,0.653846,0.493166,0.136780,0.754255,0.243213,0.193058,-1.312094,0.500000,0.715000,0.866667,0.891667,0.970000,1.075000,1.100000,1.153333,1.263333,1.363333,1.410833,1.439333
IVT,5,8,,,,13.000000,0.278846,0.261752,0.072597,0.938697,0.068514,0.373156,-1.348622,0.183333,0.298333,0.385000,0.415000,0.455000,0.500000,0.535000,0.561667,0.571667,0.641667,0.691667,0.721667
IVT,5,9,,,,13.000000,0.212821,0.236379,0.065560,1.110698,0.055875,0.675789,-1.129162,0.083333,0.183333,0.256667,0.276667,0.320000,0.375000,0.455000,0.516667,0.541667,0.583333,0.608333,0.623333
IVT,5,10,,,,13.000000,0.280769,0.253640,0.070347,0.903375,0.064333,0.192795,-0.774266,0.375000,0.375000,0.378333,0.388333,0.405000,0.425000,0.440000,0.460000,0.490000,0.610000,0.692500,0.742000
IVT,5,11,,,,13.000000,0.131410,0.211207,0.058578,1.607231,0.044608,2.573792,7.518202,0.083333,0.103333,0.118333,0.123333,0.141667,0.166667,0.166667,0.190000,0.260000,0.476667,0.621667,0.708667
IVT,6,0,,,,12.000000,0.121528,0.178074,0.051406,1.465294,0.031710,1.024702,-0.766228,0.000000,0.002083,0.025000,0.072917,0.187500,0.270833,0.316667,0.347917,0.370833,0.412500,0.435417,0.449167
IVT,6,1,,,,12.000000,0.124306,0.203333,0.058697,1.635749,0.041344,1.332270,0.021201,0.000000,0.000833,0.010000,0.031667,0.086667,0.181250,0.323333,0.404167,0.450000,0.488333,0.506667,0.517667
IVT,6,2,,,,12.000000,0.269444,0.227645,0.065716,0.844869,0.051822,-0.078747,-1.711812,0.270833,0.297500,0.361667,0.415833,0.443333,0.470833,0.498333,0.517083,0.530833,0.552083,0.563542,0.570417
IVT,6,3,,,,12.000000,0.406944,0.253432,0.073159,0.622768,0.064228,-0.324455,-0.572922,0.412500,0.428750,0.470000,0.511250,0.552500,0.579167,0.588333,0.635417,0.704167,0.750417,0.771042,0.783417
IVT,6,4,,,,12.000000,0.432639,0.252724,0.072955,0.584145,0.063869,-0.002737,0.897698,0.458333,0.500833,0.510000,0.520417,0.534167,0.550000,0.568333,0.589583,0.612500,0.762917,0.852292,0.905917
IVT,6,5,,,,12.000000,0.478472,0.277604,0.080137,0.580188,0.077064,-0.469853,-0.891605,0.516667,0.537500,0.583333,0.626667,0.663333,0.691667,0.710000,0.742917,0.784167,0.817917,0.833958,0.843583
IVT,6,6,,,,12.000000,0.370833,0.313491,0.090497,0.845369,0.098277,-0.031462,-1.502171,0.404167,0.461667,0.498333,0.536250,0.577500,0.612500,0.640000,0.679167,0.725000,0.785833,0.817917,0.837167
IVT,6,7,,,,12.000000,0.372917,0.378212,0.109180,1.014200,0.143045,0.756109,-0.565995,0.312500,0.337083,0.378333,0.418333,0.455000,0.547917,0.708333,0.822083,0.909167,0.996250,1.039792,1.065917
IVT,6,8,,,,12.000000,0.243056,0.214936,0.062047,0.884307,0.046197,0.386114,-1.171230,0.195833,0.246250,0.296667,0.345833,0.391667,0.425000,0.443333,0.461667,0.480000,0.547083,0.586042,0.609417
IVT,6,9,,,,12.000000,0.333333,0.415726,0.120010,1.247179,0.172828,1.405684,1.068521,0.220833,0.276250,0.290000,0.305000,0.323333,0.393750,0.526667,0.732500,0.980000,1.122500,1.182083,1.217833
IVT,6,10,,,,12.000000,0.314583,0.265578,0.076666,0.844223,0.070532,-0.157566,-1.839885,0.387500,0.417500,0.426667,0.449583,0.509167,0.554167,0.581667,0.603333,0.621667,0.632500,0.637083,0.639833
IVT,6,11,,,,12.000000,0.106250,0.204097,0.058918,1.920914,0.041656,1.711997,1.585895,0.000000,0.000000,0.000000,0.000000,0.000000,0.062500,0.200000,0.322917,0.437500,0.507083,0.536875,0.554750
MYE,0,0,,,,13.000000,0.000000,0.000000,0.000000,0.000000,0.000000,0.000000,0.000000,0.000000,0.000000,0.000000,0.000000,0.000000,0.000000,0.000000,0.000000,0.000000,0.000000,0.000000,0.000000
MYE,0,1,,,,13.000000,0.000000,0.000000,0.000000,0.000000,0.000000,0.000000,0.000000,0.000000,0.000000,0.000000,0.000000,0.000000,0.000000,0.000000,0.000000,0.000000,0.000000,0.000000,0.000000
MYE,0,2,,,,13.000000,0.342949,0.223292,0.061930,0.651095,0.049859,-0.161085,-0.755507,0.375000,0.390000,0.403333,0.413333,0.436667,0.466667,0.506667,0.556667,0.626667,0.666667,0.679167,0.686667
MYE,0,3,,,,13.000000,6.214744,2.005332,0.556179,0.322673,4.021356,-2.793880,8.951223,6.825000,6.870000,6.918333,6.973333,7.021667,7.066667,7.111667,7.233333,7.508333,7.800000,7.950000,8.040000
MYE,0,4,,,,13.000000,4.680128,1.723683,0.478064,0.368298,2.971083,-1.597149,4.188308,4.608333,4.723333,4.855000,5.020000,5.478333,6.083333,6.163333,6.255000,6.370000,6.561667,6.676667,6.745667
MYE,0,5,,,,13.000000,4.925641,1.731207,0.480150,0.351468,2.997077,-1.764350,4.816884,5.383333,5.388333,5.416667,5.491667,5.526667,5.541667,5.661667,5.988333,6.728333,7.011667,7.039167,7.055667
MYE,0,6,,,,13.000000,4.067308,1.397445,0.387582,0.343580,1.952853,-0.707203,1.957940,4.100000,4.355000,4.581667,4.751667,4.811667,4.816667,5.016667,5.178333,5.263333,5.781667,6.149167,6.369667
MYE,0,7,,,,13.000000,1.486538,0.862997,0.239352,0.580541,0.744763,0.125594,-0.748299,1.325000,1.410000,1.490000,1.560000,1.873333,2.308333,2.378333,2.490000,2.685000,2.763333,2.773333,2.779333
MYE,0,8,,,,13.000000,0.792308,0.485370,0.134617,0.612603,0.235584,-0.319203,-0.476012,0.833333,0.908333,0.985000,1.065000,1.091667,1.091667,1.126667,1.176667,1.256667,1.413333,1.510833,1.569333
MYE,0,9,,,,13.000000,0.159615,0.170268,0.047224,1.066741,0.028991,0.332448,-1.791389,0.125000,0.175000,0.220000,0.255000,0.293333,0.333333,0.333333,0.346667,0.386667,0.403333,0.405833,0.407333
MYE,0,10,,,,13.000000,0.156410,0.336670,0.093375,2.152480,0.113347,2.382765,5.751682,0.000000,0.000000,0.000000,0.000000,0.000000,0.000000,0.270000,0.451667,0.456667,0.725000,0.925000,1.045000
MYE,0,11,,,,13.000000,0.019231,0.069338,0.019231,3.605551,0.004808,3.605551,13.000000,0.000000,0.000000,0.000000,0.000000,0.000000,0.000000,0.000000,0.000000,0.000000,0.100000,0.175000,0.220000
MYE,1,0,,,,13.000000,0.000000,0.000000,0.000000,0.000000,0.000000,0.000000,0.000000,0.000000,0.000000,0.000000,0.000000,0.000000,0.000000,0.000000,0.000000,0.000000,0.000000,0.000000,0.000000
MYE,1,1,,,,13.000000,0.000000,0.000000,0.000000,0.000000,0.000000,0.000000,0.000000,0.000000,0.000000,0.000000,0.000000,0.000000,0.000000,0.000000,0.000000,0.000000,0.000000,0.000000,0.000000
MYE,1,2,,,,13.000000,0.058974,0.116441,0.032295,1.974440,0.013559,1.703126,1.362994,0.000000,0.000000,0.000000,0.000000,0.000000,0.000000,0.100000,0.191667,0.266667,0.298333,0.303333,0.306333
MYE,1,3,,,,13.000000,3.661538,0.970410,0.269143,0.265028,0.941696,1.208176,2.491316,3.508333,3.528333,3.551667,3.581667,3.645000,3.725000,4.180000,4.511667,4.596667,5.208333,5.645833,5.908333
MYE,1,4,,,,13.000000,5.355769,1.143892,0.317258,0.213581,1.308488,0.553091,-0.676333,5.191667,5.246667,5.368333,5.623333,5.748333,5.808333,6.268333,6.693333,7.048333,7.256667,7.324167,7.364667
MYE,1,5,,,,13.000000,4.780128,1.237542,0.343232,0.258893,1.531511,-1.136946,0.444590,5.358333,5.413333,5.458333,5.483333,5.561667,5.666667,5.771667,5.851667,5.881667,5.948333,5.990833,6.016333
MYE,1,6,,,,13.000000,4.008333,1.230186,0.341192,0.306907,1.513356,0.020569,0.164197,4.358333,4.448333,4.538333,4.628333,4.665000,4.675000,4.690000,4.785000,5.040000,5.648333,6.040833,6.276333
MYE,1,7,,,,13.000000,2.440385,1.612943,0.447350,0.660938,2.601584,0.374823,-0.221526,2.683333,2.833333,2.946667,2.986667,3.083333,3.208333,3.238333,3.538333,4.378333,5.035000,5.317500,5.487000
MYE,1,8,,,,13.000000,1.003205,0.706604,0.195977,0.704346,0.499289,1.417035,1.630306,0.750000,0.890000,0.988333,1.003333,1.041667,1.091667,1.351667,1.630000,1.945000,2.306667,2.499167,2.614667
MYE,1,9,,,,13.000000,0.274359,0.311609,0.086425,1.135772,0.097100,0.839045,-0.753927,0.125000,0.175000,0.250000,0.375000,0.433333,0.458333,0.563333,0.651667,0.706667,0.785000,0.830000,0.857000
MYE,1,10,,,,13.000000,0.025641,0.092450,0.025641,3.605551,0.008547,3.605551,13.000000,0.000000,0.000000,0.000000,0.000000,0.000000,0.000000,0.000000,0.000000,0.000000,0.133333,0.233333,0.293333
MYE,1,11,,,,13.000000,0.053846,0.143599,0.039827,2.666831,0.020621,2.856817,8.202067,0.000000,0.000000,0.000000,0.000000,0.000000,0.000000,0.000000,0.041667,0.166667,0.321667,0.406667,0.457667
MYE,2,0,,,,13.000000,0.000000,0.000000,0.000000,0.000000,0.000000,0.000000,0.000000,0.000000,0.000000,0.000000,0.000000,0.000000,0.000000,0.000000,0.000000,0.000000,0.000000,0.000000,0.000000
MYE,2,1,,,,13.000000,0.000000,0.000000,0.000000,0.000000,0.000000,0.000000,0.000000,0.000000,0.000000,0.000000,0.000000,0.000000,0.000000,0.000000,0.000000,0.000000,0.000000,0.000000,0.000000
MYE,2,2,,,,13.000000,0.269231,0.261149,0.072430,0.969983,0.068199,1.190572,0.734739,0.225000,0.235000,0.245000,0.255000,0.298333,0.358333,0.398333,0.486667,0.671667,0.770000,0.797500,0.814000
MYE,2,3,,,,13.000000,6.365385,1.000097,0.277377,0.157115,1.000195,0.196003,-0.922680,6.241667,6.396667,6.553333,6.713333,6.833333,6.933333,7.273333,7.561667,7.746667,7.871667,7.919167,7.947667
MYE,2,4,,,,13.000000,3.738462,0.973078,0.269883,0.260288,0.946881,-0.285987,-0.172377,3.641667,3.771667,3.955000,4.245000,4.371667,4.416667,4.416667,4.556667,4.976667,5.150000,5.175000,5.190000
MYE,2,5,,,,13.000000,4.469872,1.022448,0.283576,0.228742,1.045400,0.097482,0.407643,4.483333,4.588333,4.685000,4.765000,4.795000,4.800000,4.850000,5.141667,5.916667,6.198333,6.215833,6.226333
MYE,2,6,,,,13.000000,4.205128,1.500685,0.416215,0.356870,2.252055,0.920352,0.102870,3.725000,3.735000,3.815000,4.035000,4.495000,5.075000,5.305000,5.733333,6.558333,6.950000,7.037500,7.090000
MYE,2,7,,,,13.000000,1.762179,0.697213,0.193372,0.395654,0.486107,1.037613,0.993151,1.525000,1.680000,1.833333,1.983333,2.036667,2.041667,2.186667,2.348333,2.543333,2.915000,3.145000,3.283000
MYE,2,8,,,,13.000000,0.898718,1.134568,0.314672,1.262429,1.287244,1.829167,2.311670,0.541667,0.591667,0.643333,0.698333,0.730000,0.750000,0.950000,1.526667,2.856667,3.343333,3.375833,3.395333
MYE,2,9,,,,13.000000,0.229487,0.374948,0.103992,1.633851,0.140586,2.173744,5.172035,0.041667,0.066667,0.098333,0.143333,0.261667,0.416667,0.436667,0.468333,0.523333,0.841667,1.066667,1.201667
MYE,2,10,,,,13.000000,0.121795,0.194649,0.053986,1.598170,0.037888,1.100151,-0.729137,0.000000,0.000000,0.000000,0.000000,0.113333,0.283333,0.353333,0.403333,0.413333,0.443333,0.463333,0.475333
MYE,2,11,,,,13.000000,0.068590,0.145303,0.040300,2.118433,0.021113,2.055663,3.138434,0.000000,0.000000,0.000000,0.000000,0.000000,0.000000,0.075000,0.166667,0.291667,0.373333,0.403333,0.421333
MYE,3,0,,,,13.000000,0.000000,0.000000,0.000000,0.000000,0.000000,0.000000,0.000000,0.000000,0.000000,0.000000,0.000000,0.000000,0.000000,0.000000,0.000000,0.000000,0.000000,0.000000,0.000000
MYE,3,1,,,,13.000000,0.000000,0.000000,0.000000,0.000000,0.000000,0.000000,0.000000,0.000000,0.000000,0.000000,0.000000,0.000000,0.000000,0.000000,0.000000,0.000000,0.000000,0.000000,0.000000
MYE,3,2,,,,13.000000,0.352564,0.190071,0.052716,0.539112,0.036127,-0.157806,-0.514927,0.325000,0.390000,0.433333,0.433333,0.436667,0.441667,0.516667,0.568333,0.573333,0.608333,0.633333,0.648333
MYE,3,3,,,,13.000000,6.536538,1.067516,0.296076,0.163315,1.139590,0.291889,1.070156,6.600000,6.620000,6.651667,6.706667,6.811667,6.941667,7.046667,7.248333,7.643333,8.188333,8.498333,8.684333
MYE,3,4,,,,13.000000,5.194231,1.036495,0.287472,0.199547,1.074322,-0.140122,-1.672523,5.583333,5.598333,5.628333,5.688333,5.858333,6.083333,6.248333,6.368333,6.398333,6.465000,6.507500,6.533000
MYE,3,5,,,,13.000000,4.397436,1.287167,0.356996,0.292708,1.656798,-0.736798,-0.409599,4.716667,4.856667,4.988333,5.103333,5.201667,5.291667,5.526667,5.705000,5.770000,5.845000,5.885000,5.909000
MYE,3,6,,,,13.000000,3.278846,1.608469,0.446109,0.490559,2.587171,0.012530,1.325733,3.325000,3.335000,3.453333,3.788333,3.926667,3.966667,4.216667,4.408333,4.483333,5.371667,6.019167,6.407667
MYE,3,7,,,,13.000000,1.591026,0.756518,0.209820,0.475491,0.572320,0.702935,-0.490581,1.416667,1.506667,1.580000,1.620000,1.753333,1.933333,2.268333,2.530000,2.645000,2.826667,2.934167,2.998667
MYE,3,8,,,,13.000000,0.651923,0.513658,0.142463,0.787912,0.263844,0.349801,-0.886825,0.583333,0.748333,0.863333,0.878333,0.956667,1.066667,1.096667,1.133333,1.183333,1.370000,1.497500,1.574000
MYE,3,9,,,,13.000000,0.141026,0.225833,0.062635,1.601364,0.051001,1.371086,0.114504,0.000000,0.015000,0.036667,0.071667,0.106667,0.141667,0.331667,0.478333,0.538333,0.561667,0.564167,0.565667
MYE,3,10,,,,13.000000,0.071795,0.138800,0.038496,1.933288,0.019265,1.586174,0.848640,0.000000,0.000000,0.000000,0.000000,0.000000,0.000000,0.150000,0.261667,0.296667,0.335000,0.355000,0.367000
MYE,3,11,,,,13.000000,0.012821,0.046225,0.012821,3.605551,0.002137,3.605551,13.000000,0.000000,0.000000,0.000000,0.000000,0.000000,0.000000,0.000000,0.000000,0.000000,0.066667,0.116667,0.146667
MYE,4,0,,,,13.000000,0.000000,0.000000,0.000000,0.000000,0.000000,0.000000,0.000000,0.000000,0.000000,0.000000,0.000000,0.000000,0.000000,0.000000,0.000000,0.000000,0.000000,0.000000,0.000000
MYE,4,1,,,,13.000000,0.033974,0.122496,0.033974,3.605551,0.015005,3.605551,13.000000,0.000000,0.000000,0.000000,0.000000,0.000000,0.000000,0.000000,0.000000,0.000000,0.176667,0.309167,0.388667
MYE,4,2,,,,13.000000,0.063462,0.211573,0.058680,3.333879,0.044763,3.588594,12.910207,0.000000,0.000000,0.000000,0.000000,0.000000,0.000000,0.015000,0.026667,0.031667,0.326667,0.546667,0.678667
MYE,4,3,,,,13.000000,5.554487,1.057445,0.293282,0.190377,1.118190,0.125166,-1.218950,5.658333,5.793333,5.918333,6.023333,6.118333,6.208333,6.583333,6.848333,6.893333,7.025000,7.112500,7.165000
MYE,4,4,,,,13.000000,5.496154,1.310806,0.363552,0.238495,1.718213,0.624329,0.251939,5.525000,5.540000,5.571667,5.636667,5.831667,6.091667,6.141667,6.463333,7.328333,7.810000,7.955000,8.042000
MYE,4,5,,,,13.000000,5.479487,1.405374,0.389781,0.256479,1.975077,-0.198247,1.730030,5.441667,5.501667,5.590000,5.735000,6.030000,6.400000,6.425000,6.455000,6.495000,7.245000,7.797500,8.129000
MYE,4,6,,,,13.000000,4.427564,0.978983,0.271521,0.221111,0.958407,-0.112423,-0.971154,4.250000,4.575000,4.795000,4.805000,5.001667,5.291667,5.401667,5.480000,5.495000,5.683333,5.820833,5.903333
MYE,4,7,,,,13.000000,2.157692,1.040140,0.288483,0.482061,1.081892,1.251883,1.517935,1.833333,1.928333,2.035000,2.165000,2.218333,2.233333,2.703333,3.138333,3.503333,4.018333,4.313333,4.490333
MYE,4,8,,,,13.000000,0.649359,0.340878,0.094542,0.524945,0.116197,-0.194320,-0.435699,0.675000,0.710000,0.755000,0.820000,0.851667,0.866667,0.896667,0.961667,1.096667,1.148333,1.153333,1.156333
MYE,4,9,,,,13.000000,0.221154,0.242971,0.067388,1.098651,0.059035,0.472597,-1.557679,0.166667,0.216667,0.266667,0.316667,0.383333,0.458333,0.483333,0.510000,0.540000,0.576667,0.596667,0.608667
MYE,4,10,,,,13.000000,0.157692,0.246068,0.068247,1.560429,0.060549,1.486283,1.269337,0.000000,0.000000,0.033333,0.133333,0.200000,0.250000,0.315000,0.395000,0.505000,0.618333,0.675833,0.710333
MYE,4,11,,,,13.000000,0.039744,0.143298,0.039744,3.605551,0.020534,3.605551,13.000000,0.000000,0.000000,0.000000,0.000000,0.000000,0.000000,0.000000,0.000000,0.000000,0.206667,0.361667,0.454667
MYE,5,0,,,,13.000000,0.030769,0.110940,0.030769,3.605551,0.012308,3.605551,13.000000,0.000000,0.000000,0.000000,0.000000,0.000000,0.000000,0.000000,0.000000,0.000000,0.160000,0.280000,0.352000
MYE,5,1,,,,13.000000,0.000000,0.000000,0.000000,0.000000,0.000000,0.000000,0.000000,0.000000,0.000000,0.000000,0.000000,0.000000,0.000000,0.000000,0.000000,0.000000,0.000000,0.000000,0.000000
MYE,5,2,,,,13.000000,0.037821,0.136364,0.037821,3.605551,0.018595,3.605551,13.000000,0.000000,0.000000,0.000000,0.000000,0.000000,0.000000,0.000000,0.000000,0.000000,0.196667,0.344167,0.432667
MYE,5,3,,,,13.000000,0.467949,0.271950,0.075425,0.581152,0.073957,-0.350467,-0.120934,0.475000,0.510000,0.536667,0.546667,0.583333,0.633333,0.703333,0.750000,0.750000,0.816667,0.866667,0.896667
MYE,5,4,,,,13.000000,0.424359,0.485680,0.134703,1.144502,0.235885,0.823353,-0.845230,0.250000,0.285000,0.350000,0.475000,0.650000,0.850000,0.885000,0.968333,1.148333,1.248333,1.278333,1.296333
MYE,5,5,,,,13.000000,0.453846,0.316751,0.087851,0.697926,0.100331,0.165847,-1.002776,0.408333,0.418333,0.465000,0.585000,0.658333,0.708333,0.738333,0.788333,0.878333,0.928333,0.943333,0.952333
MYE,5,6,,,,13.000000,0.281410,0.323074,0.089605,1.148053,0.104377,0.932653,0.232422,0.291667,0.316667,0.341667,0.366667,0.408333,0.458333,0.483333,0.541667,0.666667,0.821667,0.906667,0.957667
MYE,5,7,,,,13.000000,0.089744,0.180699,0.050117,2.013507,0.032652,1.876107,2.492414,0.000000,0.000000,0.000000,0.000000,0.000000,0.000000,0.150000,0.275000,0.350000,0.441667,0.491667,0.521667
MYE,5,8,,,,13.000000,0.000000,0.000000,0.000000,0.000000,0.000000,0.000000,0.000000,0.000000,0.000000,0.000000,0.000000,0.000000,0.000000,0.000000,0.000000,0.000000,0.000000,0.000000,0.000000
MYE,5,9,,,,13.000000,0.000000,0.000000,0.000000,0.000000,0.000000,0.000000,0.000000,0.000000,0.000000,0.000000,0.000000,0.000000,0.000000,0.000000,0.000000,0.000000,0.000000,0.000000,0.000000
MYE,5,10,,,,13.000000,0.000000,0.000000,0.000000,0.000000,0.000000,0.000000,0.000000,0.000000,0.000000,0.000000,0.000000,0.000000,0.000000,0.000000,0.000000,0.000000,0.000000,0.000000,0.000000
MYE,5,11,,,,13.000000,0.000000,0.000000,0.000000,0.000000,0.000000,0.000000,0.000000,0.000000,0.000000,0.000000,0.000000,0.000000,0.000000,0.000000,0.000000,0.000000,0.000000,0.000000,0.000000
MYE,6,0,,,,12.000000,0.000000,0.000000,0.000000,0.000000,0.000000,0.000000,0.000000,0.000000,0.000000,0.000000,0.000000,0.000000,0.000000,0.000000,0.000000,0.000000,0.000000,0.000000,0.000000
MYE,6,1,,,,12.000000,0.057639,0.199667,0.057639,3.464102,0.039867,3.464102,12.000000,0.000000,0.000000,0.000000,0.000000,0.000000,0.000000,0.000000,0.000000,0.000000,0.311250,0.501458,0.615583
MYE,6,2,,,,12.000000,0.000000,0.000000,0.000000,0.000000,0.000000,0.000000,0.000000,0.000000,0.000000,0.000000,0.000000,0.000000,0.000000,0.000000,0.000000,0.000000,0.000000,0.000000,0.000000
MYE,6,3,,,,12.000000,0.176389,0.174434,0.050355,0.988917,0.030427,0.885083,0.398035,0.158333,0.159167,0.168333,0.187500,0.233333,0.264583,0.278333,0.324167,0.388333,0.467500,0.508750,0.533500
MYE,6,4,,,,12.000000,0.324306,0.349123,0.100783,1.076526,0.121887,1.571763,1.645301,0.237500,0.267917,0.281667,0.296667,0.315000,0.337500,0.365000,0.579167,0.900000,1.018333,1.055000,1.077000
MYE,6,5,,,,12.000000,0.215972,0.290386,0.083827,1.344552,0.084324,1.451301,1.365596,0.095833,0.128333,0.165000,0.206667,0.261667,0.316667,0.371667,0.479167,0.616667,0.750417,0.816875,0.856750
MYE,6,6,,,,12.000000,0.209722,0.221503,0.063942,1.056173,0.049064,0.692128,-0.303496,0.187500,0.212917,0.263333,0.311250,0.352500,0.375000,0.375000,0.392500,0.420000,0.533750,0.600208,0.640083
MYE,6,7,,,,12.000000,0.154861,0.287282,0.082931,1.855096,0.082531,1.760928,1.733991,0.000000,0.000000,0.000000,0.012500,0.058333,0.135417,0.250000,0.434583,0.659167,0.737500,0.760417,0.774167
MYE,6,8,,,,12.000000,0.020833,0.048656,0.014046,2.335497,0.002367,2.055237,2.640000,0.000000,0.000000,0.000000,0.000000,0.000000,0.000000,0.000000,0.043750,0.112500,0.125000,0.125000,0.125000
MYE,6,9,,,,12.000000,0.000000,0.000000,0.000000,0.000000,0.000000,0.000000,0.000000,0.000000,0.000000,0.000000,0.000000,0.000000,0.000000,0.000000,0.000000,0.000000,0.000000,0.000000,0.000000
MYE,6,10,,,,12.000000,0.000000,0.000000,0.000000,0.000000,0.000000,0.000000,0.000000,0.000000,0.000000,0.000000,0.000000,0.000000,0.000000,0.000000,0.000000,0.000000,0.000000,0.000000,0.000000
MYE,6,11,,,,12.000000,0.000000,0.000000,0.000000,0.000000,0.000000,0.000000,0.000000,0.000000,0.000000,0.000000,0.000000,0.000000,0.000000,0.000000,0.000000,0.000000,0.000000,0.000000,0.000000
OTH,0,0,,,,13.000000,0.000000,0.000000,0.000000,0.000000,0.000000,0.000000,0.000000,0.000000,0.000000,0.000000,0.000000,0.000000,0.000000,0.000000,0.000000,0.000000,0.000000,0.000000,0.000000
OTH,0,1,,,,13.000000,0.000000,0.000000,0.000000,0.000000,0.000000,0.000000,0.000000,0.000000,0.000000,0.000000,0.000000,0.000000,0.000000,0.000000,0.000000,0.000000,0.000000,0.000000,0.000000
OTH,0,2,,,,13.000000,0.033974,0.062125,0.017230,1.828583,0.003860,1.880459,2.816031,0.000000,0.000000,0.000000,0.000000,0.023333,0.058333,0.058333,0.073333,0.118333,0.156667,0.174167,0.184667
OTH,0,3,,,,13.000000,4.416667,1.621592,0.449749,0.367153,2.629560,-1.779459,4.155895,4.725000,4.915000,5.073333,5.168333,5.220000,5.250000,5.540000,5.771667,5.886667,6.041667,6.129167,6.181667
OTH,0,4,,,,13.000000,4.182692,1.916170,0.531450,0.458119,3.671707,-0.863716,0.290040,5.133333,5.213333,5.286667,5.346667,5.416667,5.491667,5.581667,5.668333,5.748333,6.181667,6.486667,6.669667
OTH,0,5,,,,13.000000,3.667949,1.882626,0.522147,0.513264,3.544281,-0.903769,-0.364213,4.558333,4.703333,4.836667,4.946667,5.040000,5.125000,5.165000,5.231667,5.351667,5.505000,5.590000,5.641000
OTH,0,6,,,,13.000000,2.338462,1.750336,0.485456,0.748499,3.063675,0.770632,0.922192,2.075000,2.500000,2.821667,2.936667,3.071667,3.216667,3.266667,3.490000,4.060000,5.076667,5.696667,6.068667
OTH,0,7,,,,13.000000,1.123077,0.797726,0.221250,0.710304,0.636368,0.175525,-1.154966,0.941667,1.086667,1.275000,1.550000,1.688333,1.758333,1.848333,1.966667,2.141667,2.283333,2.345833,2.383333
OTH,0,8,,,,13.000000,0.272436,0.386691,0.107249,1.419383,0.149530,1.439246,1.050513,0.125000,0.125000,0.141667,0.191667,0.308333,0.458333,0.518333,0.630000,0.845000,1.010000,1.080000,1.122000
OTH,0,9,,,,13.000000,0.082692,0.298151,0.082692,3.605551,0.088894,3.605551,13.000000,0.000000,0.000000,0.000000,0.000000,0.000000,0.000000,0.000000,0.000000,0.000000,0.430000,0.752500,0.946000
OTH,0,10,,,,13.000000,0.000000,0.000000,0.000000,0.000000,0.000000,0.000000,0.000000,0.000000,0.000000,0.000000,0.000000,0.000000,0.000000,0.000000,0.000000,0.000000,0.000000,0.000000,0.000000
OTH,0,11,,,,13.000000,0.000000,0.000000,0.000000,0.000000,0.000000,0.000000,0.000000,0.000000,0.000000,0.000000,0.000000,0.000000,0.000000,0.000000,0.000000,0.000000,0.000000,0.000000,0.000000
OTH,1,0,,,,13.000000,0.000000,0.000000,0.000000,0.000000,0.000000,0.000000,0.000000,0.000000,0.000000,0.000000,0.000000,0.000000,0.000000,0.000000,0.000000,0.000000,0.000000,0.000000,0.000000
OTH,1,1,,,,13.000000,0.000000,0.000000,0.000000,0.000000,0.000000,0.000000,0.000000,0.000000,0.000000,0.000000,0.000000,0.000000,0.000000,0.000000,0.000000,0.000000,0.000000,0.000000,0.000000
OTH,1,2,,,,13.000000,0.000000,0.000000,0.000000,0.000000,0.000000,0.000000,0.000000,0.000000,0.000000,0.000000,0.000000,0.000000,0.000000,0.000000,0.000000,0.000000,0.000000,0.000000,0.000000
OTH,1,3,,,,13.000000,1.662821,0.385270,0.106855,0.231697,0.148433,0.012673,-0.720655,1.600000,1.615000,1.663333,1.778333,1.846667,1.891667,2.061667,2.178333,2.188333,2.201667,2.209167,2.213667
OTH,1,4,,,,13.000000,4.424359,0.792948,0.219924,0.179223,0.628767,0.497373,-0.679903,4.225000,4.430000,4.586667,4.646667,4.710000,4.775000,5.015000,5.285000,5.615000,5.755000,5.777500,5.791000
OTH,1,5,,,,13.000000,3.848718,1.395437,0.387025,0.362572,1.947244,0.367899,-0.012523,3.741667,3.856667,4.093333,4.573333,4.766667,4.816667,4.861667,4.928333,5.038333,5.738333,6.235833,6.534333
OTH,1,6,,,,13.000000,2.728846,1.295597,0.359334,0.474778,1.678572,0.930058,1.124041,2.658333,2.778333,2.896667,3.011667,3.073333,3.108333,3.173333,3.501667,4.356667,5.038333,5.335833,5.514333
OTH,1,7,,,,13.000000,0.998718,0.610269,0.169258,0.611053,0.372429,0.536206,-0.152027,0.875000,0.905000,0.948333,1.018333,1.141667,1.291667,1.506667,1.705000,1.870000,2.011667,2.076667,2.115667
OTH,1,8,,,,13.000000,0.322436,0.496881,0.137810,1.541024,0.246891,1.859957,3.389899,0.041667,0.141667,0.208333,0.208333,0.358333,0.583333,0.588333,0.656667,0.851667,1.206667,1.424167,1.554667
OTH,1,9,,,,13.000000,0.041667,0.127294,0.035305,3.055050,0.016204,3.419396,11.919643,0.000000,0.000000,0.000000,0.000000,0.000000,0.000000,0.000000,0.016667,0.066667,0.233333,0.345833,0.413333
OTH,1,10,,,,13.000000,0.000000,0.000000,0.000000,0.000000,0.000000,0.000000,0.000000,0.000000,0.000000,0.000000,0.000000,0.000000,0.000000,0.000000,0.000000,0.000000,0.000000,0.000000,0.000000
OTH,1,11,,,,13.000000,0.000000,0.000000,0.000000,0.000000,0.000000,0.000000,0.000000,0.000000,0.000000,0.000000,0.000000,0.000000,0.000000,0.000000,0.000000,0.000000,0.000000,0.000000,0.000000
OTH,2,0,,,,13.000000,0.000000,0.000000,0.000000,0.000000,0.000000,0.000000,0.000000,0.000000,0.000000,0.000000,0.000000,0.000000,0.000000,0.000000,0.000000,0.000000,0.000000,0.000000,0.000000
OTH,2,1,,,,13.000000,0.000000,0.000000,0.000000,0.000000,0.000000,0.000000,0.000000,0.000000,0.000000,0.000000,0.000000,0.000000,0.000000,0.000000,0.000000,0.000000,0.000000,0.000000,0.000000
OTH,2,2,,,,13.000000,0.029487,0.055237,0.015320,1.873248,0.003051,2.489397,6.533375,0.000000,0.010000,0.016667,0.016667,0.016667,0.016667,0.041667,0.063333,0.078333,0.126667,0.159167,0.178667
OTH,2,3,,,,13.000000,4.258333,0.774500,0.214808,0.181879,0.599850,-0.400906,-1.293068,4.325000,4.570000,4.753333,4.813333,4.840000,4.850000,4.910000,4.988333,5.103333,5.178333,5.205833,5.222333
OTH,2,4,,,,13.000000,3.235897,1.089870,0.302276,0.336806,1.187817,0.725679,-0.936982,2.766667,2.931667,3.073333,3.168333,3.520000,4.000000,4.505000,4.856667,4.901667,4.950000,4.975000,4.990000
OTH,2,5,,,,13.000000,2.942308,0.852688,0.236493,0.289803,0.727077,0.064906,0.931830,2.758333,2.948333,3.093333,3.148333,3.223333,3.308333,3.348333,3.531667,4.001667,4.325000,4.450000,4.525000
OTH,2,6,,,,13.000000,2.071154,1.190392,0.330155,0.574748,1.417033,2.179042,6.648621,1.866667,1.881667,1.916667,1.991667,2.133333,2.308333,2.338333,2.443333,2.698333,3.890000,4.720000,5.218000
OTH,2,7,,,,13.000000,0.614744,0.615710,0.170767,1.001572,0.379099,1.550532,2.523986,0.583333,0.583333,0.593333,0.623333,0.636667,0.641667,0.681667,0.875000,1.375000,1.785000,1.967500,2.077000
OTH,2,8,,,,13.000000,0.207692,0.345029,0.095694,1.661249,0.119045,2.009458,4.306037,0.000000,0.000000,0.050000,0.200000,0.266667,0.291667,0.416667,0.500000,0.500000,0.763333,0.960833,1.079333
OTH,2,9,,,,13.000000,0.000000,0.000000,0.000000,0.000000,0.000000,0.000000,0.000000,0.000000,0.000000,0.000000,0.000000,0.000000,0.000000,0.000000,0.000000,0.000000,0.000000,0.000000,0.000000
OTH,2,10,,,,13.000000,0.000000,0.000000,0.000000,0.000000,0.000000,0.000000,0.000000,0.000000,0.000000,0.000000,0.000000,0.000000,0.000000,0.000000,0.000000,0.000000,0.000000,0.000000,0.000000
OTH,2,11,,,,13.000000,0.000000,0.000000,0.000000,0.000000,0.000000,0.000000,0.000000,0.000000,0.000000,0.000000,0.000000,0.000000,0.000000,0.000000,0.000000,0.000000,0.000000,0.000000,0.000000
OTH,3,0,,,,13.000000,0.000000,0.000000,0.000000,0.000000,0.000000,0.000000,0.000000,0.000000,0.000000,0.000000,0.000000,0.000000,0.000000,0.000000,0.000000,0.000000,0.000000,0.000000,0.000000
OTH,3,1,,,,13.000000,0.000000,0.000000,0.000000,0.000000,0.000000,0.000000,0.000000,0.000000,0.000000,0.000000,0.000000,0.000000,0.000000,0.000000,0.000000,0.000000,0.000000,0.000000,0.000000
OTH,3,2,,,,13.000000,0.048077,0.070641,0.019592,1.469341,0.004990,1.393031,0.741450,0.000000,0.015000,0.030000,0.045000,0.056667,0.066667,0.091667,0.121667,0.161667,0.185000,0.192500,0.197000
OTH,3,3,,,,13.000000,4.287821,0.837072,0.232162,0.195221,0.700690,-0.144639,0.067223,4.233333,4.418333,4.558333,4.608333,4.658333,4.708333,4.848333,4.983333,5.108333,5.426667,5.634167,5.758667
OTH,3,4,,,,13.000000,3.392308,1.055670,0.292790,0.311195,1.114438,-0.053753,-1.103347,3.383333,3.478333,3.620000,3.855000,4.013333,4.133333,4.503333,4.750000,4.750000,4.786667,4.814167,4.830667
OTH,3,5,,,,13.000000,2.849359,0.999736,0.277277,0.350864,0.999473,0.368405,-1.413278,2.258333,2.798333,3.186667,3.271667,3.446667,3.666667,3.876667,4.080000,4.270000,4.343333,4.350833,4.355333
OTH,3,6,,,,13.000000,2.338462,1.056492,0.293018,0.451789,1.116175,-0.450010,0.543718,2.433333,2.453333,2.503333,2.613333,2.746667,2.891667,2.901667,3.083333,3.608333,3.896667,3.981667,4.032667
OTH,3,7,,,,13.000000,0.647436,0.674223,0.186996,1.041374,0.454576,2.155453,5.417817,0.525000,0.535000,0.558333,0.608333,0.625000,0.625000,0.695000,0.870000,1.255000,1.853333,2.205833,2.417333
OTH,3,8,,,,13.000000,0.242949,0.606836,0.168306,2.497797,0.368251,3.298822,11.275222,0.000000,0.000000,0.016667,0.066667,0.123333,0.183333,0.198333,0.261667,0.421667,1.168333,1.688333,2.000333
OTH,3,9,,,,13.000000,0.157051,0.254675,0.070634,1.621604,0.064859,1.240208,0.030605,0.000000,0.000000,0.000000,0.000000,0.166667,0.416667,0.416667,0.433333,0.483333,0.583333,0.645833,0.683333
OTH,3,10,,,,13.000000,0.053846,0.194145,0.053846,3.605551,0.037692,3.605551,13.000000,0.000000,0.000000,0.000000,0.000000,0.000000,0.000000,0.000000,0.000000,0.000000,0.280000,0.490000,0.616000
OTH,3,11,,,,13.000000,0.000000,0.000000,0.000000,0.000000,0.000000,0.000000,0.000000,0.000000,0.000000,0.000000,0.000000,0.000000,0.000000,0.000000,0.000000,0.000000,0.000000,0.000000,0.000000
OTH,4,0,,,,13.000000,0.000000,0.000000,0.000000,0.000000,0.000000,0.000000,0.000000,0.000000,0.000000,0.000000,0.000000,0.000000,0.000000,0.000000,0.000000,0.000000,0.000000,0.000000,0.000000
OTH,4,1,,,,13.000000,0.000000,0.000000,0.000000,0.000000,0.000000,0.000000,0.000000,0.000000,0.000000,0.000000,0.000000,0.000000,0.000000,0.000000,0.000000,0.000000,0.000000,0.000000,0.000000
OTH,4,2,,,,13.000000,0.075000,0.122663,0.034021,1.635511,0.015046,1.635296,1.658763,0.000000,0.015000,0.025000,0.025000,0.058333,0.108333,0.148333,0.195000,0.255000,0.311667,0.339167,0.355667
OTH,4,3,,,,13.000000,4.555128,0.755884,0.209644,0.165941,0.571360,-0.328431,0.749727,4.450000,4.515000,4.585000,4.665000,4.781667,4.916667,5.126667,5.341667,5.566667,5.688333,5.723333,5.744333
OTH,4,4,,,,13.000000,3.380769,1.248682,0.346322,0.369348,1.559206,0.830395,-0.089302,3.008333,3.123333,3.365000,3.860000,4.088333,4.183333,4.278333,4.478333,4.888333,5.425000,5.725000,5.905000
OTH,4,5,,,,13.000000,2.912821,0.799295,0.221685,0.274406,0.638873,0.118131,-1.324260,3.025000,3.040000,3.113333,3.303333,3.460000,3.600000,3.640000,3.706667,3.826667,4.013333,4.123333,4.189333
OTH,4,6,,,,13.000000,2.131410,0.820013,0.227431,0.384728,0.672421,-0.001722,-1.129750,1.933333,2.338333,2.608333,2.608333,2.621667,2.641667,2.711667,2.870000,3.205000,3.336667,3.351667,3.360667
OTH,4,7,,,,13.000000,1.370513,1.148235,0.318463,0.837814,1.318445,0.276216,-1.011804,1.450000,1.535000,1.673333,1.918333,2.080000,2.200000,2.390000,2.521667,2.536667,2.925000,3.212500,3.385000
OTH,4,8,,,,13.000000,0.676923,0.607554,0.168505,0.897523,0.369122,0.284114,-1.474758,0.516667,0.756667,0.925000,0.950000,1.055000,1.200000,1.305000,1.378333,1.388333,1.508333,1.595833,1.648333
OTH,4,9,,,,13.000000,0.264744,0.355010,0.098462,1.340957,0.126032,0.984252,-0.551835,0.000000,0.100000,0.191667,0.266667,0.408333,0.583333,0.658333,0.708333,0.708333,0.818333,0.900833,0.950333
OTH,4,10,,,,13.000000,0.021154,0.076271,0.021154,3.605551,0.005817,3.605551,13.000000,0.000000,0.000000,0.000000,0.000000,0.000000,0.000000,0.000000,0.000000,0.000000,0.110000,0.192500,0.242000
OTH,4,11,,,,13.000000,0.035256,0.127119,0.035256,3.605551,0.016159,3.605551,13.000000,0.000000,0.000000,0.000000,0.000000,0.000000,0.000000,0.000000,0.000000,0.000000,0.183333,0.320833,0.403333
OTH,5,0,,,,13.000000,0.000000,0.000000,0.000000,0.000000,0.000000,0.000000,0.000000,0.000000,0.000000,0.000000,0.000000,0.000000,0.000000,0.000000,0.000000,0.000000,0.000000,0.000000,0.000000
OTH,5,1,,,,13.000000,0.000000,0.000000,0.000000,0.000000,0.000000,0.000000,0.000000,0.000000,0.000000,0.000000,0.000000,0.000000,0.000000,0.000000,0.000000,0.000000,0.000000,0.000000,0.000000
OTH,5,2,,,,13.000000,0.000000,0.000000,0.000000,0.000000,0.000000,0.000000,0.000000,0.000000,0.000000,0.000000,0.000000,0.000000,0.000000,0.000000,0.000000,0.000000,0.000000,0.000000,0.000000
OTH,5,3,,,,13.000000,0.000000,0.000000,0.000000,0.000000,0.000000,0.000000,0.000000,0.000000,0.000000,0.000000,0.000000,0.000000,0.000000,0.000000,0.000000,0.000000,0.000000,0.000000,0.000000
OTH,5,4,,,,13.000000,0.000000,0.000000,0.000000,0.000000,0.000000,0.000000,0.000000,0.000000,0.000000,0.000000,0.000000,0.000000,0.000000,0.000000,0.000000,0.000000,0.000000,0.000000,0.000000
OTH,5,5,,,,13.000000,0.000000,0.000000,0.000000,0.000000,0.000000,0.000000,0.000000,0.000000,0.000000,0.000000,0.000000,0.000000,0.000000,0.000000,0.000000,0.000000,0.000000,0.000000,0.000000
OTH,5,6,,,,13.000000,0.000000,0.000000,0.000000,0.000000,0.000000,0.000000,0.000000,0.000000,0.000000,0.000000,0.000000,0.000000,0.000000,0.000000,0.000000,0.000000,0.000000,0.000000,0.000000
OTH,5,7,,,,13.000000,0.000000,0.000000,0.000000,0.000000,0.000000,0.000000,0.000000,0.000000,0.000000,0.000000,0.000000,0.000000,0.000000,0.000000,0.000000,0.000000,0.000000,0.000000,0.000000
OTH,5,8,,,,13.000000,0.000000,0.000000,0.000000,0.000000,0.000000,0.000000,0.000000,0.000000,0.000000,0.000000,0.000000,0.000000,0.000000,0.000000,0.000000,0.000000,0.000000,0.000000,0.000000
OTH,5,9,,,,13.000000,0.000000,0.000000,0.000000,0.000000,0.000000,0.000000,0.000000,0.000000,0.000000,0.000000,0.000000,0.000000,0.000000,0.000000,0.000000,0.000000,0.000000,0.000000,0.000000
OTH,5,10,,,,13.000000,0.000000,0.000000,0.000000,0.000000,0.000000,0.000000,0.000000,0.000000,0.000000,0.000000,0.000000,0.000000,0.000000,0.000000,0.000000,0.000000,0.000000,0.000000,0.000000
OTH,5,11,,,,13.000000,0.000000,0.000000,0.000000,0.000000,0.000000,0.000000,0.000000,0.000000,0.000000,0.000000,0.000000,0.000000,0.000000,0.000000,0.000000,0.000000,0.000000,0.000000,0.000000
OTH,6,0,,,,12.000000,0.000000,0.000000,0.000000,0.000000,0.000000,0.000000,0.000000,0.000000,0.000000,0.000000,0.000000,0.000000,0.000000,0.000000,0.000000,0.000000,0.000000,0.000000,0.000000
OTH,6,1,,,,12.000000,0.000000,0.000000,0.000000,0.000000,0.000000,0.000000,0.000000,0.000000,0.000000,0.000000,0.000000,0.000000,0.000000,0.000000,0.000000,0.000000,0.000000,0.000000,0.000000
OTH,6,2,,,,12.000000,0.000000,0.000000,0.000000,0.000000,0.000000,0.000000,0.000000,0.000000,0.000000,0.000000,0.000000,0.000000,0.000000,0.000000,0.000000,0.000000,0.000000,0.000000,0.000000
OTH,6,3,,,,12.000000,0.000000,0.000000,0.000000,0.000000,0.000000,0.000000,0.000000,0.000000,0.000000,0.000000,0.000000,0.000000,0.000000,0.000000,0.000000,0.000000,0.000000,0.000000,0.000000
OTH,6,4,,,,12.000000,0.000000,0.000000,0.000000,0.000000,0.000000,0.000000,0.000000,0.000000,0.000000,0.000000,0.000000,0.000000,0.000000,0.000000,0.000000,0.000000,0.000000,0.000000,0.000000
OTH,6,5,,,,12.000000,0.000000,0.000000,0.000000,0.000000,0.000000,0.000000,0.000000,0.000000,0.000000,0.000000,0.000000,0.000000,0.000000,0.000000,0.000000,0.000000,0.000000,0.000000,0.000000
OTH,6,6,,,,12.000000,0.000000,0.000000,0.000000,0.000000,0.000000,0.000000,0.000000,0.000000,0.000000,0.000000,0.000000,0.000000,0.000000,0.000000,0.000000,0.000000,0.000000,0.000000,0.000000
OTH,6,7,,,,12.000000,0.000000,0.000000,0.000000,0.000000,0.000000,0.000000,0.000000,0.000000,0.000000,0.000000,0.000000,0.000000,0.000000,0.000000,0.000000,0.000000,0.000000,0.000000,0.000000
OTH,6,8,,,,12.000000,0.000000,0.000000,0.000000,0.000000,0.000000,0.000000,0.000000,0.000000,0.000000,0.000000,0.000000,0.000000,0.000000,0.000000,0.000000,0.000000,0.000000,0.000000,0.000000
OTH,6,9,,,,12.000000,0.000000,0.000000,0.000000,0.000000,0.000000,0.000000,0.000000,0.000000,0.000000,0.000000,0.000000,0.000000,0.000000,0.000000,0.000000,0.000000,0.000000,0.000000,0.000000
OTH,6,10,,,,12.000000,0.000000,0.000000,0.000000,0.000000,0.000000,0.000000,0.000000,0.000000,0.000000,0.000000,0.000000,0.000000,0.000000,0.000000,0.000000,0.000000,0.000000,0.000000,0.000000
OTH,6,11,,,,12.000000,0.000000,0.000000,0.000000,0.000000,0.000000,0.000000,0.000000,0.000000,0.000000,0.000000,0.000000,0.000000,0.000000,0.000000,0.000000,0.000000,0.000000,0.000000,0.000000
SSU,0,0,,,,13.000000,0.276282,0.305313,0.084678,1.105076,0.093216,0.914553,-0.148981,0.241667,0.241667,0.276667,0.381667,0.423333,0.433333,0.448333,0.525000,0.725000,0.828333,0.855833,0.872333
SSU,0,1,,,,13.000000,0.209615,0.227299,0.063041,1.084363,0.051665,0.407195,-1.673418,0.158333,0.213333,0.266667,0.316667,0.383333,0.458333,0.458333,0.465000,0.485000,0.525000,0.550000,0.565000
SSU,0,2,,,,13.000000,0.742949,0.434025,0.120377,0.584193,0.188378,-0.432800,-0.769253,0.816667,0.826667,0.843333,0.873333,0.953333,1.058333,1.178333,1.261667,1.271667,1.278333,1.280833,1.282333
SSU,0,3,,,,13.000000,21.531410,6.555950,1.818293,0.304483,42.980476,-3.359545,11.769135,22.575000,23.205000,23.671667,23.811667,23.965000,24.125000,24.195000,24.396667,24.861667,25.356667,25.611667,25.764667
SSU,0,4,,,,13.000000,28.725000,8.890001,2.465643,0.309487,79.032118,-2.886574,9.582431,30.858333,30.893333,30.953333,31.063333,31.533333,32.183333,32.978333,33.665000,34.135000,35.658333,36.683333,37.298333
SSU,0,5,,,,13.000000,39.800641,12.687905,3.518992,0.318786,160.982934,-2.891516,9.256723,42.633333,43.288333,44.133333,45.358333,45.926667,46.166667,46.236667,46.651667,47.756667,48.715000,49.157500,49.423000
SSU,0,6,,,,13.000000,38.177564,11.795553,3.271498,0.308966,139.135062,-2.832336,8.909745,41.250000,41.420000,41.918333,43.073333,43.995000,44.800000,45.215000,45.566667,45.791667,46.226667,46.496667,46.658667
SSU,0,7,,,,13.000000,27.417949,9.285317,2.575284,0.338658,86.217116,-1.976431,5.489632,28.533333,29.008333,29.586667,30.371667,32.000000,34.050000,34.730000,35.188333,35.203333,36.355000,37.215000,37.731000
SSU,0,8,,,,13.000000,17.019231,6.126545,1.699198,0.359978,37.534553,-1.775195,4.197405,18.850000,19.010000,19.263333,19.703333,20.493333,21.458333,21.548333,21.666667,21.841667,22.783333,23.445833,23.843333
SSU,0,9,,,,13.000000,7.219231,2.773342,0.769187,0.384160,7.691428,-0.984872,1.778484,7.191667,7.731667,8.130000,8.245000,8.763333,9.483333,9.623333,9.731667,9.776667,10.368333,10.800833,11.060333
SSU,0,10,,,,13.000000,2.176282,1.153842,0.320018,0.530190,1.331352,0.123177,0.187968,2.250000,2.275000,2.346667,2.511667,2.606667,2.666667,2.821667,3.140000,3.785000,4.076667,4.134167,4.168667
SSU,0,11,,,,13.000000,0.789744,0.632503,0.175425,0.800896,0.400060,0.297214,-0.518374,0.825000,0.825000,0.883333,1.058333,1.180000,1.275000,1.300000,1.333333,1.383333,1.653333,1.843333,1.957333
SSU,1,0,,,,13.000000,0.258974,0.283547,0.078642,1.094884,0.080399,1.149911,1.528787,0.250000,0.275000,0.308333,0.358333,0.405000,0.450000,0.455000,0.460000,0.465000,0.660000,0.805000,0.892000
SSU,1,1,,,,13.000000,0.058974,0.130635,0.036232,2.215117,0.017066,2.108615,3.055970,0.000000,0.000000,0.000000,0.000000,0.000000,0.000000,0.040000,0.120000,0.280000,0.346667,0.356667,0.362667
SSU,1,2,,,,13.000000,0.198718,0.228670,0.063422,1.150726,0.052290,0.868228,-0.241870,0.166667,0.241667,0.291667,0.291667,0.291667,0.291667,0.301667,0.363333,0.528333,0.610000,0.630000,0.642000
SSU,1,3,,,,13.000000,10.470513,1.880811,0.521643,0.179629,3.537449,0.023158,-1.111260,10.191667,10.661667,11.055000,11.295000,11.715000,12.225000,12.405000,12.548333,12.618333,12.951667,13.184167,13.323667
SSU,1,4,,,,13.000000,24.522436,3.721838,1.032252,0.151773,13.852076,-1.249499,1.696217,25.458333,25.583333,25.803333,26.213333,26.350000,26.350000,27.135000,27.753333,28.038333,28.586667,28.926667,29.130667
SSU,1,5,,,,13.000000,34.940385,4.056837,1.125164,0.116107,16.457926,-1.753633,2.150139,36.025000,36.425000,36.696667,36.711667,36.780000,36.875000,37.450000,37.841667,37.866667,38.288333,38.598333,38.784333
SSU,1,6,,,,13.000000,36.798077,5.420025,1.503244,0.147291,29.376668,-0.727597,-0.381117,38.091667,38.126667,38.303333,38.763333,39.960000,41.525000,41.570000,41.620000,41.680000,42.680000,43.415000,43.856000
SSU,1,7,,,,13.000000,28.364744,2.859400,0.793055,0.100808,8.176171,0.010599,-0.438170,28.366667,29.121667,29.676667,29.831667,30.000000,30.175000,30.375000,30.590000,30.835000,32.053333,32.905833,33.417333
SSU,1,8,,,,13.000000,19.613462,3.312851,0.918820,0.168907,10.974983,0.014845,-0.304251,19.441667,20.251667,20.843333,20.998333,21.093333,21.158333,22.153333,22.913333,23.203333,24.233333,24.933333,25.353333
SSU,1,9,,,,13.000000,8.682692,2.485822,0.689443,0.286296,6.179311,0.664376,-0.929734,8.033333,8.168333,8.435000,8.965000,9.605000,10.300000,11.375000,12.095000,12.105000,12.508333,12.808333,12.988333
SSU,1,10,,,,13.000000,2.716026,1.268322,0.351769,0.466977,1.608640,0.331186,1.183280,2.525000,2.635000,2.740000,2.835000,2.973333,3.133333,3.188333,3.518333,4.398333,4.915000,5.082500,5.183000
SSU,1,11,,,,13.000000,0.723077,0.409920,0.113691,0.566910,0.168034,-0.231458,-1.366617,0.816667,0.871667,0.935000,1.015000,1.055000,1.075000,1.120000,1.155000,1.170000,1.208333,1.233333,1.248333
SSU,2,0,,,,13.000000,0.328205,0.406110,0.112635,1.237366,0.164925,0.983936,-0.144238,0.083333,0.253333,0.376667,0.406667,0.480000,0.575000,0.680000,0.773333,0.843333,0.996667,1.094167,1.152667
SSU,2,1,,,,13.000000,0.107692,0.213152,0.059118,1.979264,0.045434,1.756650,1.803796,0.000000,0.000000,0.000000,0.000000,0.000000,0.000000,0.195000,0.351667,0.431667,0.521667,0.569167,0.597667
SSU,2,2,,,,13.000000,0.566667,0.345808,0.095910,0.610250,0.119583,0.042182,-1.655894,0.483333,0.553333,0.658333,0.833333,0.911667,0.941667,0.951667,0.960000,0.965000,0.980000,0.990000,0.996000
SSU,2,3,,,,13.000000,22.141026,2.331183,0.646554,0.105288,5.434415,0.113026,-0.778766,22.158333,22.283333,22.573333,23.193333,23.586667,23.866667,24.121667,24.423333,24.818333,25.460000,25.842500,26.072000
SSU,2,4,,,,13.000000,24.504487,4.611125,1.278896,0.188175,21.262472,-0.557682,-0.891460,24.708333,26.223333,27.336667,27.646667,27.770000,27.800000,28.630000,29.211667,29.296667,29.638333,29.873333,30.014333
SSU,2,5,,,,13.000000,36.316667,4.600330,1.275902,0.126673,21.163032,-0.969888,-0.325464,38.441667,38.561667,38.655000,38.695000,38.761667,38.841667,39.491667,40.036667,40.371667,40.963333,41.323333,41.539333
SSU,2,6,,,,13.000000,35.927564,3.787176,1.050374,0.105411,14.342701,0.873937,1.106433,35.225000,35.775000,36.368333,37.048333,37.638333,38.183333,38.243333,38.546667,39.336667,41.660000,43.205000,44.132000
SSU,2,7,,,,13.000000,26.108333,3.101239,0.860129,0.118784,9.617685,0.506843,-0.961593,25.766667,25.966667,26.328333,27.013333,27.661667,28.291667,28.706667,29.410000,30.690000,31.216667,31.291667,31.336667
SSU,2,8,,,,13.000000,16.279487,3.329483,0.923432,0.204520,11.085459,0.732521,-0.590147,15.333333,16.163333,16.741667,16.816667,17.645000,18.850000,18.955000,19.501667,20.931667,21.911667,22.289167,22.515667
SSU,2,9,,,,13.000000,5.758333,1.934593,0.536560,0.335964,3.742650,0.643226,-0.354180,5.566667,5.876667,6.151667,6.356667,6.488333,6.583333,7.328333,7.890000,8.085000,8.760000,9.217500,9.492000
SSU,2,10,,,,13.000000,1.910897,1.041941,0.288982,0.545263,1.085641,0.044896,-1.747095,1.866667,2.266667,2.551667,2.606667,2.675000,2.750000,2.920000,3.045000,3.080000,3.231667,3.336667,3.399667
SSU,2,11,,,,13.000000,0.891026,0.744536,0.206497,0.835595,0.554334,0.201929,-1.653591,0.741667,0.946667,1.130000,1.270000,1.456667,1.666667,1.686667,1.725000,1.800000,1.895000,1.947500,1.979000
SSU,3,0,,,,13.000000,0.502564,0.460354,0.127679,0.916010,0.211926,0.797982,-0.359235,0.416667,0.456667,0.485000,0.490000,0.558333,0.658333,0.898333,1.086667,1.171667,1.276667,1.334167,1.368667
SSU,3,1,,,,13.000000,0.213462,0.341116,0.094609,1.598023,0.116360,1.947819,3.571046,0.000000,0.075000,0.150000,0.225000,0.250000,0.250000,0.300000,0.406667,0.626667,0.866667,0.991667,1.066667
SSU,3,2,,,,13.000000,0.710256,0.325732,0.090342,0.458612,0.106101,0.151436,-1.249377,0.700000,0.740000,0.795000,0.880000,0.911667,0.916667,1.011667,1.080000,1.095000,1.160000,1.205000,1.232000
SSU,3,3,,,,13.000000,21.135897,3.174815,0.880535,0.150210,10.079449,-0.995135,0.417850,21.866667,22.226667,22.525000,22.700000,22.918333,23.158333,23.203333,23.426667,24.006667,24.676667,25.034167,25.248667
SSU,3,4,,,,13.000000,27.307051,3.541443,0.982219,0.129690,12.541815,0.281042,-0.628593,27.158333,27.288333,27.676667,28.581667,28.973333,29.108333,29.518333,30.435000,32.365000,33.135000,33.230000,33.287000
SSU,3,5,,,,13.000000,38.914103,4.477046,1.241709,0.115049,20.043940,0.372118,0.123229,39.091667,39.646667,40.153333,40.563333,40.750000,40.825000,41.440000,42.276667,43.556667,45.660000,46.917500,47.672000
SSU,3,6,,,,13.000000,35.744231,5.923740,1.642950,0.165726,35.090699,-0.653783,-0.317362,37.766667,38.116667,38.458333,38.783333,39.078333,39.358333,39.743333,40.085000,40.340000,42.215000,43.557500,44.363000
SSU,3,7,,,,13.000000,25.092308,5.310155,1.472772,0.211625,28.197748,0.230325,-0.989644,23.891667,25.791667,27.156667,27.451667,27.826667,28.241667,29.731667,30.988333,31.778333,32.898333,33.540833,33.926333
SSU,3,8,,,,13.000000,14.816667,3.830209,1.062309,0.258507,14.670498,0.545684,0.317141,15.650000,16.185000,16.545000,16.555000,16.575000,16.600000,16.910000,17.358333,18.083333,20.258333,21.708333,22.578333
SSU,3,9,,,,13.000000,5.931410,2.754668,0.764007,0.464420,7.588196,1.050583,1.479271,5.725000,6.115000,6.428333,6.588333,6.695000,6.775000,7.455000,8.085000,8.615000,10.285000,11.405000,12.077000
SSU,3,10,,,,13.000000,2.344231,1.277387,0.354283,0.544907,1.631717,-0.103645,-0.765279,2.808333,2.853333,2.890000,2.910000,2.930000,2.950000,3.320000,3.568333,3.573333,3.975000,4.275000,4.455000
SSU,3,11,,,,13.000000,0.671795,0.506618,0.140510,0.754125,0.256661,0.951169,1.417030,0.575000,0.605000,0.665000,0.785000,0.828333,0.833333,0.928333,1.048333,1.218333,1.508333,1.683333,1.788333
SSU,4,0,,,,13.000000,0.339744,0.305281,0.084670,0.898562,0.093196,0.498509,-0.138424,0.375000,0.375000,0.398333,0.468333,0.495000,0.500000,0.550000,0.591667,0.616667,0.768333,0.875833,0.940333
SSU,4,1,,,,13.000000,0.160897,0.324936,0.090121,2.019520,0.105583,2.225723,4.779242,0.000000,0.000000,0.000000,0.000000,0.030000,0.075000,0.275000,0.435000,0.515000,0.751667,0.909167,1.003667
SSU,4,2,,,,13.000000,0.396154,0.392399,0.108832,0.990522,0.153977,1.417303,2.016991,0.366667,0.371667,0.381667,0.401667,0.451667,0.516667,0.541667,0.636667,0.871667,1.113333,1.235833,1.309333
SSU,4,3,,,,13.000000,22.626282,1.886983,0.523355,0.083398,3.560704,0.362039,-0.548640,22.075000,22.530000,22.870000,22.980000,23.116667,23.266667,24.426667,25.230000,25.320000,25.510000,25.630000,25.702000
SSU,4,4,,,,13.000000,29.163462,3.097738,0.859158,0.106220,9.595978,-0.075409,-0.818770,28.816667,29.086667,29.618333,30.673333,31.145000,31.325000,31.950000,32.596667,33.286667,33.583333,33.633333,33.663333
SSU,4,5,,,,13.000000,44.766667,2.725769,0.755992,0.060888,7.429815,1.315558,1.740328,44.300000,44.420000,44.630000,45.020000,45.550000,46.150000,46.535000,46.998333,47.618333,49.275000,50.362500,51.015000
SSU,4,6,,,,13.000000,44.211538,5.186664,1.438522,0.117315,26.901488,-0.012239,0.298438,44.533333,44.778333,45.141667,45.741667,46.235000,46.675000,47.885000,48.878333,49.438333,51.451667,52.821667,53.643667
SSU,4,7,,,,13.000000,31.941667,3.991230,1.106968,0.124954,15.929919,1.053262,0.013142,30.258333,30.868333,31.395000,31.755000,33.035000,34.775000,35.105000,35.910000,37.665000,39.050000,39.650000,40.010000
SSU,4,8,,,,13.000000,20.733333,4.800387,1.331388,0.231530,23.043715,1.727218,4.424728,19.833333,20.888333,21.591667,21.591667,21.848333,22.233333,22.278333,22.656667,23.701667,27.993333,30.950833,32.725333
SSU,4,9,,,,13.000000,9.259615,2.063609,0.572342,0.222861,4.258482,0.688567,-0.551478,8.766667,8.781667,8.991667,9.591667,10.305000,11.075000,11.345000,11.556667,11.651667,12.356667,12.861667,13.164667
SSU,4,10,,,,13.000000,3.008974,1.569882,0.435407,0.521733,2.464531,0.010379,-1.167704,2.950000,3.190000,3.441667,3.716667,3.981667,4.241667,4.571667,4.845000,5.005000,5.165000,5.245000,5.293000
SSU,4,11,,,,13.000000,1.037179,0.647695,0.179638,0.624478,0.419509,0.869594,-0.220979,0.958333,0.978333,1.011667,1.071667,1.148333,1.233333,1.513333,1.785000,2.040000,2.188333,2.235833,2.264333
SSU,5,0,,,,13.000000,0.624359,0.720488,0.199827,1.153964,0.519103,0.749687,-1.081097,0.333333,0.433333,0.591667,0.866667,0.995000,1.050000,1.345000,1.578333,1.688333,1.788333,1.835833,1.864333
SSU,5,1,,,,13.000000,0.198718,0.321038,0.089040,1.615546,0.103065,1.174356,-0.412451,0.000000,0.000000,0.000000,0.000000,0.180000,0.450000,0.525000,0.608333,0.708333,0.771667,0.794167,0.807667
SSU,5,2,,,,13.000000,0.251282,0.324106,0.089891,1.289808,0.105045,1.004052,0.011170,0.000000,0.140000,0.271667,0.386667,0.451667,0.491667,0.491667,0.526667,0.631667,0.783333,0.870833,0.923333
SSU,5,3,,,,13.000000,1.898077,0.506259,0.140411,0.266722,0.256298,-0.346020,0.037072,1.916667,2.011667,2.075000,2.075000,2.115000,2.175000,2.270000,2.345000,2.380000,2.548333,2.665833,2.736333
SSU,5,4,,,,13.000000,4.187821,1.016647,0.281967,0.242763,1.033572,-0.232774,-1.253256,4.291667,4.576667,4.785000,4.840000,4.945000,5.075000,5.085000,5.168333,5.398333,5.488333,5.498333,5.504333
SSU,5,5,,,,13.000000,6.258333,1.754769,0.486685,0.280389,3.079213,0.075151,1.021328,6.175000,6.255000,6.333333,6.408333,6.793333,7.333333,7.593333,7.795000,7.880000,8.681667,9.261667,9.609667
SSU,5,6,,,,13.000000,4.142308,2.194027,0.608514,0.529663,4.813755,0.120705,-0.213571,4.016667,4.606667,5.028333,5.113333,5.181667,5.241667,5.526667,5.921667,6.536667,7.365000,7.832500,8.113000
SSU,5,7,,,,13.000000,1.739103,1.081052,0.299830,0.621615,1.168673,0.133173,-1.131130,1.858333,1.863333,1.933333,2.133333,2.366667,2.616667,2.761667,2.923333,3.118333,3.296667,3.381667,3.432667
SSU,5,8,,,,13.000000,0.627564,0.487416,0.135185,0.776678,0.237574,-0.102400,-1.744931,0.666667,0.831667,0.955000,0.995000,1.021667,1.041667,1.051667,1.076667,1.131667,1.220000,1.272500,1.304000
SSU,5,9,,,,13.000000,0.386538,0.391246,0.108512,1.012178,0.153073,0.423268,-1.410563,0.250000,0.470000,0.623333,0.643333,0.656667,0.666667,0.691667,0.743333,0.848333,0.963333,1.023333,1.059333
SSU,5,10,,,,13.000000,0.578846,0.530511,0.147137,0.916498,0.281442,0.600895,-0.425737,0.491667,0.636667,0.743333,0.773333,0.796667,0.816667,0.846667,0.995000,1.380000,1.515000,1.520000,1.523000
SSU,5,11,,,,13.000000,0.315385,0.317795,0.088140,1.007642,0.100994,0.650676,-0.976260,0.166667,0.291667,0.388333,0.428333,0.445000,0.450000,0.605000,0.723333,0.768333,0.823333,0.853333,0.871333
SSU,6,0,,,,12.000000,0.317361,0.360441,0.104050,1.135743,0.129917,0.500683,-1.477687,0.204167,0.408333,0.408333,0.434583,0.530833,0.604167,0.650000,0.725000,0.816667,0.867083,0.887708,0.900083
SSU,6,1,,,,12.000000,0.261111,0.238003,0.068706,0.911502,0.056646,0.325217,-1.113519,0.266667,0.327500,0.355000,0.381250,0.404167,0.427083,0.450000,0.481667,0.518333,0.600000,0.645833,0.673333
SSU,6,2,,,,12.000000,0.389583,0.262494,0.075775,0.673781,0.068903,0.556618,0.645112,0.450000,0.491667,0.491667,0.494167,0.503333,0.514583,0.528333,0.547917,0.570833,0.747500,0.852917,0.916167
SSU,6,3,,,,12.000000,0.823611,0.300711,0.086808,0.365113,0.090427,-0.445432,-0.609161,0.887500,0.901667,0.920000,0.937083,0.950833,0.991667,1.065000,1.115000,1.151667,1.207083,1.236875,1.254750
SSU,6,4,,,,12.000000,1.002778,0.414850,0.119757,0.413700,0.172100,0.391582,-0.743677,0.937500,0.975833,1.076667,1.155000,1.173333,1.254167,1.410000,1.469583,1.474167,1.602500,1.680417,1.727167
SSU,6,5,,,,12.000000,1.187500,0.500599,0.144511,0.421557,0.250600,0.345610,0.453750,1.212500,1.233333,1.233333,1.255833,1.338333,1.414583,1.483333,1.592917,1.725833,1.952500,2.076250,2.150500
SSU,6,6,,,,12.000000,1.201389,0.646141,0.186525,0.537828,0.417498,-0.136406,-0.333289,1.058333,1.148333,1.313333,1.453333,1.526667,1.627083,1.760000,1.919167,2.093333,2.132500,2.137083,2.139833
SSU,6,7,,,,12.000000,0.899306,0.613572,0.177123,0.682273,0.376470,0.313489,-0.071412,0.845833,0.864167,0.928333,0.980000,0.998333,1.102083,1.308333,1.523333,1.743333,1.888333,1.952500,1.991000
SSU,6,8,,,,12.000000,0.738889,0.454305,0.131147,0.614849,0.206393,0.498981,-0.426055,0.762500,0.826667,0.845000,0.870833,0.916667,0.941667,0.941667,1.119583,1.399167,1.498750,1.528542,1.546417
SSU,6,9,,,,12.000000,0.645139,0.504418,0.145613,0.781875,0.254438,0.902855,0.530709,0.537500,0.541667,0.541667,0.602917,0.827500,0.958333,0.976667,1.082500,1.238333,1.476667,1.605000,1.682000
SSU,6,10,,,,12.000000,0.550694,0.466335,0.134619,0.846812,0.217468,0.079102,-0.997605,0.641667,0.705417,0.765000,0.810833,0.820000,0.837500,0.865000,0.918750,0.987500,1.172500,1.277917,1.341167
SSU,6,11,,,,12.000000,0.266667,0.299516,0.086463,1.123184,0.089710,0.462563,-1.477515,0.183333,0.366667,0.366667,0.385417,0.454167,0.502083,0.525000,0.580000,0.653333,0.715417,0.745208,0.763083
